studentID,First name,Lastname,Midterm exam,Finalexam,Cw1,Cw2,Totalpoints,Studentaverage,Grade
79686,Velma ,Paul,49%,66%,59%,78%,252,63.00%,   D
16792,Kibo ,Mcgee,75%,75%,68%,66%,284,71.00%,   C-
92195,Louis ,Underwood,98%,44%,67%,42%,251,62.75%,   D-
37569,Phyllis ,Clemons,65%,45%,65%,55%,230,57.50%,   F
72878,Zenaida,Mcdowell,65%,54%,65%,54%,238,59.50%,   F
66144,Gillian, Tillman,48%,86%,48%,86%,268,67.00%,   D+
26685,Constance , Decker,86%,45%,86%,45%,262,65.50%,   D
65254,Giselle,Lancaster,75%,65%,75%,65%,280,70.00%,   C-
30143,Kirsten ,Walker,45%,49%,45%,56%,195,48.75%,   F
90184,Bob ,Underwood,32%,52%,32%,52%,168,42.00%,   F
94732,Sem ,Boone,45%,63%,45%,63%,216,54.00%,   F
15508,Kibo ,Underwood,98%,78%,98%,78%,352,88.00%,   B+
91913,Lucy ,Rivett,100%,85%,100%,85%,370,92.50%,   A-
88540,Artur ,Lancaster,45%,54%,45%,54%,198,49.50%,   F
70019,Taylor,Henstridge,55%,52%,55%,52%,214,53.50%,   F
68803,Sue,Tebbett,61%,52%,61%,52%,226,56.50%,   F
35553,John ,Henstridge,78%,71%,78%,71%,298,74.50%,   C
94586,Lucas ,Mcgee,68%,84%,68%,84%,304,76.00%,   C+
31322,Tony ,Shade,88%,90%,88%,90%,356,89.00%,   B+
20335,Cutler ,Melmore,94%,69%,94%,69%,326,81.50%,   B-
55147,Emma,Flooks,89%,75%,89%,75%,328,82.00%,   B-
99424,Lindo ,Scala,55%,43%,55%,43%,196,49.00%,   F
47276,Paul,Guerre,45%,65%,45%,65%,220,55.00%,   F
86713,Sean,Benadette,33%,65%,33%,65%,196,49.00%,   F
94888,Zehra ,Tolomelli,44%,78%,44%,78%,244,61.00%,   D-
62417,William ,Tillman,89%,45%,89%,45%,268,67.00%,   D+
99679,Alejandro ,Boone,74%,79%,74%,79%,306,76.50%,   C+
52155,Patrick,Lancaster,58%,48%,45%,65%,216,54.00%,   F
62423,Junior ,Mcdowell,45%,69%,55%,72%,241,60.25%,   D-
54266,Lonnie,Tebbett,49%,66%,59%,78%,252,63.00%,   D
92583,Ellerey,Halworth,75%,75%,68%,66%,284,71.00%,   C-
61824,Maurits,Caughtry,98%,44%,67%,42%,251,62.75%,   D-
35418,Fulton,Harbage,65%,45%,65%,55%,230,57.50%,   F
16782,Missie,Tuke,65%,54%,65%,54%,238,59.50%,   F
31900,Marnie,Fenney,48%,86%,48%,86%,268,67.00%,   D+
43977,Charmain,Ivatts,86%,45%,86%,45%,262,65.50%,   D
25682,Dotti,Rivett,75%,65%,75%,65%,280,70.00%,   C-
80070,Dudley,Bedle,45%,49%,45%,56%,195,48.75%,   F
37964,Vidovik,Hought,32%,52%,32%,52%,168,42.00%,   F
15897,Gaylene,Echelle,45%,63%,45%,63%,216,54.00%,   F
30146,Celestia,Degoix,98%,78%,98%,78%,352,88.00%,   B+
33473,Imogene,Sushams,100%,85%,100%,85%,370,92.50%,   A-
72454,Ambrosius,Rangell,45%,54%,45%,54%,198,49.50%,   F
86144,Louise,McCromley,55%,52%,55%,52%,214,53.50%,   F
26019,Bettye,Standingford,61%,52%,61%,52%,226,56.50%,   F
51754,Stefanie,Braunfeld,78%,71%,78%,71%,298,74.50%,   C
48527,Jessy,Craghead,68%,84%,68%,84%,304,76.00%,   C+
34133,Stillmann,Flaonier,88%,90%,88%,90%,356,89.00%,   B+
40358,Joseito,O'Donovan,94%,69%,94%,69%,326,81.50%,   B-
12638,Jard,De Cleyne,89%,75%,89%,75%,328,82.00%,   B-
89550,Danielle,L'oiseau,55%,43%,55%,43%,196,49.00%,   F
91350,Barry,Whitnell,45%,65%,45%,65%,220,55.00%,   F
56888,Lea,Salazar,33%,65%,33%,65%,196,49.00%,   F
51232,Dukey,Rubinivitz,44%,78%,44%,78%,244,61.00%,   D-
29976,Myer,Kid,89%,45%,89%,45%,268,67.00%,   D+
77799,Royce,Blindt,74%,79%,74%,79%,306,76.50%,   C+
80653,Elissa,Wilds,58%,48%,45%,65%,216,54.00%,   F
47777,Rosalinde,Jeeves,45%,69%,55%,72%,241,60.25%,   D-
27865,Virginie,Behne,49%,66%,59%,78%,252,63.00%,   D
32439,Doug,Kenway,75%,75%,68%,66%,284,71.00%,   C-
23362,Mikey,Stollwerk,98%,44%,67%,42%,251,62.75%,   D-
48416,Rayshell,Klimke,65%,45%,65%,55%,230,57.50%,   F
14314,Leanna,Faucett,65%,54%,65%,54%,238,59.50%,   F
56041,Raeann,Genge,48%,86%,48%,86%,268,67.00%,   D+
52944,Brinna,Henstridge,86%,45%,86%,45%,262,65.50%,   D
46029,Kerry,Gayle,75%,65%,75%,65%,280,70.00%,   C-
48770,Aldous,Licciardello,45%,49%,45%,56%,195,48.75%,   F
81126,Benedicta,Shadrack,32%,52%,32%,52%,168,42.00%,   F
47991,Jennee,Ashcroft,45%,63%,45%,63%,216,54.00%,   F
59276,Sergent,Mapowder,98%,78%,98%,78%,352,88.00%,   B+
55524,Abdel,Bullan,100%,85%,100%,85%,370,92.50%,   A-
79312,Tyrone,O' Bee,45%,54%,45%,54%,198,49.50%,   F
80473,Esma,Catherall,55%,52%,55%,52%,214,53.50%,   F
22420,Melanie,Carleton,61%,52%,61%,52%,226,56.50%,   F
88521,Layton,Fust,78%,71%,78%,71%,298,74.50%,   C
46201,Blair,Bentote,68%,84%,68%,84%,304,76.00%,   C+
88370,Verne,Booij,88%,90%,88%,90%,356,89.00%,   B+
31609,Libby,Cliss,94%,69%,94%,69%,326,81.50%,   B-
21304,Dolley,Edgecumbe,89%,75%,89%,75%,328,82.00%,   B-
65266,Maurise,Farington,55%,43%,55%,43%,196,49.00%,   F
63406,Renaud,Collisson,45%,65%,45%,65%,220,55.00%,   F
51639,Tyrone,Hanssmann,33%,65%,33%,65%,196,49.00%,   F
71576,Patrice,Jeanneau,44%,78%,44%,78%,244,61.00%,   D-
60872,Charmain,Parmeter,89%,45%,89%,45%,268,67.00%,   D+
87470,Hadley,Bole,74%,79%,74%,79%,306,76.50%,   C+
75696,Mick,Arden,58%,48%,45%,65%,216,54.00%,   F
67309,Darius,Paladini,45%,69%,55%,72%,241,60.25%,   D-
90922,Grata,Dedam,49%,66%,59%,78%,252,63.00%,   D
51402,Indira,Levane,75%,75%,68%,66%,284,71.00%,   C-
63877,Juline,Drivers,98%,44%,67%,42%,251,62.75%,   D-
46019,Winfred,Metherell,65%,45%,65%,55%,230,57.50%,   F
76841,Adria,Goymer,65%,54%,65%,54%,238,59.50%,   F
91307,Gaven,Duggan,48%,86%,48%,86%,268,67.00%,   D+
59985,Anson,Duckering,86%,45%,86%,45%,262,65.50%,   D
81598,Antin,Raddish,75%,65%,75%,65%,280,70.00%,   C-
31125,Rutherford,Winham,45%,49%,45%,56%,195,48.75%,   F
85447,Adiana,Trulocke,32%,52%,32%,52%,168,42.00%,   F
45412,Carling,Pudge,45%,63%,45%,63%,216,54.00%,   F
84601,Devlen,Rimes,98%,78%,98%,78%,352,88.00%,   B+
79957,Roobbie,Gouny,100%,85%,100%,85%,370,92.50%,   A-
24432,Ban,Blaxley,45%,54%,45%,54%,198,49.50%,   F
90824,Bertie,Lamble,55%,52%,55%,52%,214,53.50%,   F
61440,Alameda,Botterman,61%,52%,61%,52%,226,56.50%,   F
83596,Cosme,Lamanby,78%,71%,78%,71%,298,74.50%,   C
36917,Lexie,Brownsword,68%,84%,68%,84%,304,76.00%,   C+
36502,Kara,Shade,88%,90%,88%,90%,356,89.00%,   B+
63209,Donalt,Melmore,94%,69%,94%,69%,326,81.50%,   B-
12899,Vida,Flooks,89%,75%,89%,75%,328,82.00%,   B-
75041,Claudio,Scala,55%,43%,55%,43%,196,49.00%,   F
57269,Carlie,Guerre,45%,65%,45%,65%,220,55.00%,   F
95775,Tessi,Benadette,33%,65%,33%,65%,196,49.00%,   F
47199,Renaldo,Tolomelli,44%,78%,44%,78%,244,61.00%,   D-
64153,Matthus,Mogg,89%,45%,89%,45%,268,67.00%,   D+
44232,Dolley,Stallan,74%,79%,74%,79%,306,76.50%,   C+
16254,Stefania,Smead,58%,48%,45%,65%,216,54.00%,   F
23715,Aurea,Settle,45%,69%,55%,72%,241,60.25%,   D-
46086,Kris,Cochrane,49%,66%,59%,78%,252,63.00%,   D
35081,Kippar,Frift,75%,75%,68%,66%,284,71.00%,   C-
83443,Chance,Hearthfield,98%,44%,67%,42%,251,62.75%,   D-
89753,Friederike,Cale,65%,45%,65%,55%,230,57.50%,   F
30797,Lannie,Balshaw,65%,54%,65%,54%,238,59.50%,   F
49716,Garek,Davenall,48%,86%,48%,86%,268,67.00%,   D+
52992,Hank,Sillick,86%,45%,86%,45%,262,65.50%,   D
58010,Lambert,Curdell,75%,65%,75%,65%,280,70.00%,   C-
31036,Fredric,Dowber,45%,49%,45%,56%,195,48.75%,   F
10544,Othelia,Flatt,32%,52%,32%,52%,168,42.00%,   F
75483,Lexie,Tatlock,45%,63%,45%,63%,216,54.00%,   F
85762,Babara,MacCardle,98%,78%,98%,78%,352,88.00%,   B+
96409,Tucky,Oboy,100%,85%,100%,85%,370,92.50%,   A-
43631,Vinnie,Shackel,45%,54%,45%,54%,198,49.50%,   F
38231,Peta,Brechin,55%,52%,55%,52%,214,53.50%,   F
97247,Michal,Borsay,61%,52%,61%,52%,226,56.50%,   F
41094,Pierre,Limmer,78%,71%,78%,71%,298,74.50%,   C
33772,Clay,Marriot,68%,84%,68%,84%,304,76.00%,   C+
65436,Trumaine,Geer,88%,90%,88%,90%,356,89.00%,   B+
50680,Archibald,Grouer,94%,69%,94%,69%,326,81.50%,   B-
46516,Derick,Konig,89%,75%,89%,75%,328,82.00%,   B-
80041,Harley,Poon,55%,43%,55%,43%,196,49.00%,   F
94205,Brandea,Wieprecht,45%,65%,45%,65%,220,55.00%,   F
69824,Luther,Daburn,33%,65%,33%,65%,196,49.00%,   F
46666,Gussie,Jedrzaszkiewicz,44%,78%,44%,78%,244,61.00%,   D-
43592,Gavrielle,Benadette,89%,45%,89%,45%,268,67.00%,   D+
10288,Evelina,Acey,74%,79%,74%,79%,306,76.50%,   C+
57017,Adolphus,Poyle,58%,48%,45%,65%,216,54.00%,   F
27391,Cameron,Saleway,45%,69%,55%,72%,241,60.25%,   D-
96929,Derick,Kings,49%,66%,59%,78%,252,63.00%,   D
49324,Joaquin,Smallpeice,75%,75%,68%,66%,284,71.00%,   C-
46932,Lesley,Visick,98%,44%,67%,42%,251,62.75%,   D-
47565,Maris,Gummory,65%,45%,65%,55%,230,57.50%,   F
94724,Clement,Milne,65%,54%,65%,54%,238,59.50%,   F
26335,Joelle,Showler,48%,86%,48%,86%,268,67.00%,   D+
37244,Rozelle,Owthwaite,86%,45%,86%,45%,262,65.50%,   D
68484,Kippie,Staten,75%,65%,75%,65%,280,70.00%,   C-
64602,Lazare,Melton,45%,49%,45%,56%,195,48.75%,   F
41073,Cordey,Woodfield,32%,52%,32%,52%,168,42.00%,   F
44473,Ives,Giovannelli,45%,63%,45%,63%,216,54.00%,   F
39254,Zeke,Kleen,98%,78%,98%,78%,352,88.00%,   B+
27852,Jeniece,Elderbrant,100%,85%,100%,85%,370,92.50%,   A-
68228,Gregoor,Grzesiewicz,45%,54%,45%,54%,198,49.50%,   F
88965,Amabelle,Astbery,55%,52%,55%,52%,214,53.50%,   F
34890,Corty,Flowitt,61%,52%,61%,52%,226,56.50%,   F
98665,Cissiee,Scougall,78%,71%,78%,71%,298,74.50%,   C
16402,Brig,Tovey,68%,84%,68%,84%,304,76.00%,   C+
31784,Kassie,Tanslie,88%,90%,88%,90%,356,89.00%,   B+
98774,Gris,Escale,94%,69%,94%,69%,326,81.50%,   B-
53021,Breanne,Grenkov,89%,75%,89%,75%,328,82.00%,   B-
57706,Brigida,Anglin,55%,43%,55%,43%,196,49.00%,   F
22008,Finn,Jzak,45%,65%,45%,65%,220,55.00%,   F
24693,Gregorius,Dacey,33%,65%,33%,65%,196,49.00%,   F
70445,Rosalia,Lockart,44%,78%,44%,78%,244,61.00%,   D-
91220,Jasmine,Lendrem,89%,45%,89%,45%,268,67.00%,   D+
83170,Edyth,Josilowski,74%,79%,74%,79%,306,76.50%,   C+
17602,Alvin,Novotna,58%,48%,45%,65%,216,54.00%,   F
88766,Karel,Bedson,45%,69%,55%,72%,241,60.25%,   D-
21130,Reginauld,Kibbel,49%,66%,59%,78%,252,63.00%,   D
80096,Melloney,Shinefield,75%,75%,68%,66%,284,71.00%,   C-
66073,Lyndsie,Maudlin,98%,44%,67%,42%,251,62.75%,   D-
48933,Emlyn,Jurgenson,65%,45%,65%,55%,230,57.50%,   F
22119,Katrina,Connew,65%,54%,65%,54%,238,59.50%,   F
71489,Phylys,Babb,48%,86%,48%,86%,268,67.00%,   D+
78710,Fonz,Rodnight,86%,45%,86%,45%,262,65.50%,   D
63046,Noble,Crowth,75%,65%,75%,65%,280,70.00%,   C-
16243,Bertie,Jephson,45%,49%,45%,56%,195,48.75%,   F
51439,Orland,Regis,32%,52%,32%,52%,168,42.00%,   F
86090,Joe,Sebyer,45%,63%,45%,63%,216,54.00%,   F
26331,Sher,Whybrow,98%,78%,98%,78%,352,88.00%,   B+
48595,Corrie,Wilber,100%,85%,100%,85%,370,92.50%,   A-
77659,Billy,Rebert,45%,54%,45%,54%,198,49.50%,   F
46271,Claudius,Victor,55%,52%,55%,52%,214,53.50%,   F
20550,Leila,Woolway,61%,52%,61%,52%,226,56.50%,   F
65239,Rosita,Comley,78%,71%,78%,71%,298,74.50%,   C
90055,Rustin,Morlon,68%,84%,68%,84%,304,76.00%,   C+
49687,Felita,Accomb,88%,90%,88%,90%,356,89.00%,   B+
22997,Michele,Dudding,94%,69%,94%,69%,326,81.50%,   B-
57225,Shanda,Collisson,89%,75%,89%,75%,328,82.00%,   B-
78608,Patrizius,MacKall,55%,43%,55%,43%,196,49.00%,   F
27277,Odie,Slopier,45%,65%,45%,65%,220,55.00%,   F
82359,Fayre,Sarath,33%,65%,33%,65%,196,49.00%,   F
79915,Norbert,Carabine,44%,78%,44%,78%,244,61.00%,   D-
29059,Domenic,Ourtic,89%,45%,89%,45%,268,67.00%,   D+
11016,Britt,Tolefree,74%,79%,74%,79%,306,76.50%,   C+
61318,Delcine,Ewbank,58%,48%,45%,65%,216,54.00%,   F
63073,Sibby,Grzelewski,45%,69%,55%,72%,241,60.25%,   D-
16874,Engracia,BURWIN,49%,66%,59%,78%,252,63.00%,   D
86726,Milicent,Rutley,75%,75%,68%,66%,284,71.00%,   C-
98084,Marten,Cockley,98%,44%,67%,42%,251,62.75%,   D-
97233,Constance,Belsham,65%,45%,65%,55%,230,57.50%,   F
26990,Chrissy,Carek,65%,54%,65%,54%,238,59.50%,   F
97428,Pauly,McGuggy,48%,86%,48%,86%,268,67.00%,   D+
88125,Matthias,Kitchingham,86%,45%,86%,45%,262,65.50%,   D
11211,Sammy,Farnes,75%,65%,75%,65%,280,70.00%,   C-
75942,Florencia,Beenham,45%,49%,45%,56%,195,48.75%,   F
32502,Far,Dominelli,32%,52%,32%,52%,168,42.00%,   F
74453,Costanza,Busher,45%,63%,45%,63%,216,54.00%,   F
67849,Aeriela,Hatt,98%,78%,98%,78%,352,88.00%,   B+
26769,Rayna,Abramcik,100%,85%,100%,85%,370,92.50%,   A-
99579,Shurlock,Headon,45%,54%,45%,54%,198,49.50%,   F
19846,Stewart,Lambertini,55%,52%,55%,52%,214,53.50%,   F
60535,Devlin,Phillipps,61%,52%,61%,52%,226,56.50%,   F
87229,Shina,Mumberson,78%,71%,78%,71%,298,74.50%,   C
20855,Juan,Revans,68%,84%,68%,84%,304,76.00%,   C+
14741,Wally,Getten,88%,90%,88%,90%,356,89.00%,   B+
58272,Godfrey,De Rechter,94%,69%,94%,69%,326,81.50%,   B-
58931,Euell,Buttress,89%,75%,89%,75%,328,82.00%,   B-
82998,Devonne,Bannard,55%,43%,55%,43%,196,49.00%,   F
20225,Tades,Stiffkins,45%,65%,45%,65%,220,55.00%,   F
36269,Clarice,Ciobutaru,33%,65%,33%,65%,196,49.00%,   F
61491,Robyn,Pleming,44%,78%,44%,78%,244,61.00%,   D-
90568,Deeanne,Haith,89%,45%,89%,45%,268,67.00%,   D+
99229,Anson,Syson,74%,79%,74%,79%,306,76.50%,   C+
49928,Bar,Steeden,58%,48%,45%,65%,216,54.00%,   F
38623,Vincent,Aust,45%,69%,55%,72%,241,60.25%,   D-
16821,Marlo,Donegan,49%,66%,59%,78%,252,63.00%,   D
15692,Tiffany,Egarr,75%,75%,68%,66%,284,71.00%,   C-
22635,Clayborne,Palombi,98%,44%,67%,42%,251,62.75%,   D-
27742,Ransell,Mozzini,65%,45%,65%,55%,230,57.50%,   F
52635,Franzen,MacEllen,65%,54%,65%,54%,238,59.50%,   F
11621,Simonette,Gothup,48%,86%,48%,86%,268,67.00%,   D+
77397,Shelagh,Penny,86%,45%,86%,45%,262,65.50%,   D
50254,Anabella,Driver,75%,65%,75%,65%,280,70.00%,   C-
39150,Vail,Greber,45%,49%,45%,56%,195,48.75%,   F
25028,Franky,Heatley,32%,52%,32%,52%,168,42.00%,   F
78397,Marian,Pimbley,45%,63%,45%,63%,216,54.00%,   F
21894,Georgina,Enbury,98%,78%,98%,78%,352,88.00%,   B+
59443,Alvan,Ramelet,100%,85%,100%,85%,370,92.50%,   A-
62877,Ursula,O'Calleran,45%,54%,45%,54%,198,49.50%,   F
56954,Danila,Gilberthorpe,55%,52%,55%,52%,214,53.50%,   F
56131,Sharleen,Andrews,61%,52%,61%,52%,226,56.50%,   F
47520,Dorrie,Candwell,78%,71%,78%,71%,298,74.50%,   C
60163,Orelie,Leyson,68%,84%,68%,84%,304,76.00%,   C+
56445,Dotti,Highton,88%,90%,88%,90%,356,89.00%,   B+
96625,Colman,Poile,94%,69%,94%,69%,326,81.50%,   B-
95494,Faye,Manchett,89%,75%,89%,75%,328,82.00%,   B-
45438,Jo-ann,Moyles,55%,43%,55%,43%,196,49.00%,   F
58207,Zerk,Makiver,45%,65%,45%,65%,220,55.00%,   F
48140,Rahel,Enston,33%,65%,33%,65%,196,49.00%,   F
99684,Thurston,Slane,44%,78%,44%,78%,244,61.00%,   D-
73741,Ardeen,Farrin,89%,45%,89%,45%,268,67.00%,   D+
78524,Chico,Fraczek,74%,79%,74%,79%,306,76.50%,   C+
36367,Tamar,Purrington,58%,48%,45%,65%,216,54.00%,   F
90151,Kristine,Triner,45%,69%,55%,72%,241,60.25%,   D-
13991,Raynor,Bister,49%,66%,59%,78%,252,63.00%,   D
57536,Timmy,Stoakley,75%,75%,68%,66%,284,71.00%,   C-
28366,Kirbee,Breissan,98%,44%,67%,42%,251,62.75%,   D-
52450,Sherwynd,Venn,65%,45%,65%,55%,230,57.50%,   F
40545,Antonino,Francesch,65%,54%,65%,54%,238,59.50%,   F
39960,Jobey,Pulham,48%,86%,48%,86%,268,67.00%,   D+
24867,Mitzi,Eady,86%,45%,86%,45%,262,65.50%,   D
20526,Vikki,Porteous,75%,65%,75%,65%,280,70.00%,   C-
73939,Amity,Verrell,45%,49%,45%,56%,195,48.75%,   F
52040,Rory,Kief,32%,52%,32%,52%,168,42.00%,   F
44894,Craggy,Vasyunin,45%,63%,45%,63%,216,54.00%,   F
29334,Renard,Meuse,98%,78%,98%,78%,352,88.00%,   B+
99132,Noach,Polamontayne,100%,85%,100%,85%,370,92.50%,   A-
66067,Jedd,Ghiroldi,45%,54%,45%,54%,198,49.50%,   F
60518,Natka,Micheli,55%,52%,55%,52%,214,53.50%,   F
49645,Valery,Heinecke,61%,52%,61%,52%,226,56.50%,   F
67880,Sissy,Smalman,78%,71%,78%,71%,298,74.50%,   C
53333,Caesar,Abrey,68%,84%,68%,84%,304,76.00%,   C+
47056,Mag,Facchini,88%,90%,88%,90%,356,89.00%,   B+
31890,Hilly,Mansford,94%,69%,94%,69%,326,81.50%,   B-
12414,Benetta,Glasner,89%,75%,89%,75%,328,82.00%,   B-
60358,Beryle,Mintoff,55%,43%,55%,43%,196,49.00%,   F
79091,Audry,Sellstrom,45%,65%,45%,65%,220,55.00%,   F
92722,Salomi,Acom,33%,65%,33%,65%,196,49.00%,   F
71658,Court,Henbury,44%,78%,44%,78%,244,61.00%,   D-
16108,Wilbur,Hawk,89%,45%,89%,45%,268,67.00%,   D+
56560,Pattie,Drance,74%,79%,74%,79%,306,76.50%,   C+
78964,Timmie,Robbs,58%,48%,45%,65%,216,54.00%,   F
60235,Corie,Manuaud,45%,69%,55%,72%,241,60.25%,   D-
92574,Marybeth,Bickardike,49%,66%,59%,78%,252,63.00%,   D
22095,Georgeta,Neave,75%,75%,68%,66%,284,71.00%,   C-
15328,Dudley,Doumenc,98%,44%,67%,42%,251,62.75%,   D-
87216,Berty,Cunio,65%,45%,65%,55%,230,57.50%,   F
82400,Valera,Conniam,65%,54%,65%,54%,238,59.50%,   F
46140,Joletta,Mixworthy,48%,86%,48%,86%,268,67.00%,   D+
69723,Carlee,Aksell,86%,45%,86%,45%,262,65.50%,   D
20788,Dasha,Pattingson,75%,65%,75%,65%,280,70.00%,   C-
36341,Emilie,Mantz,45%,49%,45%,56%,195,48.75%,   F
83189,Ashil,Conre,32%,52%,32%,52%,168,42.00%,   F
94762,Oralie,Jewar,45%,63%,45%,63%,216,54.00%,   F
31770,Berkly,Bootton,98%,78%,98%,78%,352,88.00%,   B+
18060,Gus,Highton,100%,85%,100%,85%,370,92.50%,   A-
55420,Gerardo,Greenly,45%,54%,45%,54%,198,49.50%,   F
44920,Bradan,Tree,55%,52%,55%,52%,214,53.50%,   F
46572,Tomkin,Filde,61%,52%,61%,52%,226,56.50%,   F
85514,Evonne,Hughesdon,78%,71%,78%,71%,298,74.50%,   C
17012,Rorke,Grieves,68%,84%,68%,84%,304,76.00%,   C+
71423,Simona,Mouan,88%,90%,88%,90%,356,89.00%,   B+
93762,Shirleen,Bonicelli,94%,69%,94%,69%,326,81.50%,   B-
34166,Mattheus,Jandera,89%,75%,89%,75%,328,82.00%,   B-
45868,Den,Learie,55%,43%,55%,43%,196,49.00%,   F
17456,Bernardo,Perutto,45%,65%,45%,65%,220,55.00%,   F
34633,Emmy,Pibsworth,33%,65%,33%,65%,196,49.00%,   F
23813,Melisenda,Gaspar,44%,78%,44%,78%,244,61.00%,   D-
35743,Gisela,Pittford,89%,45%,89%,45%,268,67.00%,   D+
24946,Filippo,Causon,74%,79%,74%,79%,306,76.50%,   C+
64689,Hilary,Baldelli,58%,48%,45%,65%,216,54.00%,   F
91914,Melly,Gaish,45%,69%,55%,72%,241,60.25%,   D-
37931,Rosmunda,Ebrall,49%,66%,59%,78%,252,63.00%,   D
52474,Inigo,Charette,75%,75%,68%,66%,284,71.00%,   C-
81634,La verne,Trowill,98%,44%,67%,42%,251,62.75%,   D-
46748,Delcina,Prendergrast,65%,45%,65%,55%,230,57.50%,   F
76430,Carolan,Cashell,65%,54%,65%,54%,238,59.50%,   F
71873,Harriet,Gethins,48%,86%,48%,86%,268,67.00%,   D+
29889,Biron,Moodie,86%,45%,86%,45%,262,65.50%,   D
76483,Bale,Stamper,75%,65%,75%,65%,280,70.00%,   C-
67385,Vergil,Moukes,45%,49%,45%,56%,195,48.75%,   F
40917,Foster,Petru,32%,52%,32%,52%,168,42.00%,   F
20238,Orin,Asaaf,45%,63%,45%,63%,216,54.00%,   F
26506,Emmery,Janca,98%,78%,98%,78%,352,88.00%,   B+
43105,Beltran,Leemans,100%,85%,100%,85%,370,92.50%,   A-
70883,Vonni,Iskower,45%,54%,45%,54%,198,49.50%,   F
69715,Leonidas,Matteucci,55%,52%,55%,52%,214,53.50%,   F
20713,Ellette,Wyne,61%,52%,61%,52%,226,56.50%,   F
96733,Odey,Casazza,78%,71%,78%,71%,298,74.50%,   C
21135,Trixie,Vinter,68%,84%,68%,84%,304,76.00%,   C+
29899,Reba,Zanardii,88%,90%,88%,90%,356,89.00%,   B+
87578,Katlin,Jeandon,94%,69%,94%,69%,326,81.50%,   B-
97846,Aubine,Galgey,89%,75%,89%,75%,328,82.00%,   B-
54924,Mel,Battershall,55%,43%,55%,43%,196,49.00%,   F
99572,Marga,Kuschek,45%,65%,45%,65%,220,55.00%,   F
19255,Cassaundra,Justham,33%,65%,33%,65%,196,49.00%,   F
15531,Kathy,Costy,44%,78%,44%,78%,244,61.00%,   D-
40978,Kay,Furzey,89%,45%,89%,45%,268,67.00%,   D+
91553,Patton,Ockenden,74%,79%,74%,79%,306,76.50%,   C+
84920,Ly,Rego,58%,48%,45%,65%,216,54.00%,   F
32788,Gisella,Davidek,45%,69%,55%,72%,241,60.25%,   D-
57784,Kendrick,Charnock,49%,66%,59%,78%,252,63.00%,   D
29767,Christopher,Moniker,75%,75%,68%,66%,284,71.00%,   C-
10844,Noe,Grimsdale,98%,44%,67%,42%,251,62.75%,   D-
86538,Wenonah,Chesworth,65%,45%,65%,55%,230,57.50%,   F
92758,Rhona,Claye,65%,54%,65%,54%,238,59.50%,   F
32588,Rockey,Foli,48%,86%,48%,86%,268,67.00%,   D+
99865,Rex,Wixon,86%,45%,86%,45%,262,65.50%,   D
16430,Geoffrey,Roullier,75%,65%,75%,65%,280,70.00%,   C-
19972,Willey,Riepel,45%,49%,45%,56%,195,48.75%,   F
35816,Guthrie,Gloster,32%,52%,32%,52%,168,42.00%,   F
28865,Charlot,Kollas,45%,63%,45%,63%,216,54.00%,   F
58671,Kenneth,Featherstone,98%,78%,98%,78%,352,88.00%,   B+
74926,Langsdon,Yakolev,100%,85%,100%,85%,370,92.50%,   A-
13031,Hillary,Donavan,45%,54%,45%,54%,198,49.50%,   F
56461,Muffin,Faragher,55%,52%,55%,52%,214,53.50%,   F
23634,Gratia,Caulwell,61%,52%,61%,52%,226,56.50%,   F
82208,Emyle,Rois,78%,71%,78%,71%,298,74.50%,   C
98741,Sigismond,Scotchforth,68%,84%,68%,84%,304,76.00%,   C+
98789,Agathe,Harby,88%,90%,88%,90%,356,89.00%,   B+
81779,Julio,Archell,94%,69%,94%,69%,326,81.50%,   B-
91664,Jesus,Renner,89%,75%,89%,75%,328,82.00%,   B-
46501,Osborn,Beals,55%,43%,55%,43%,196,49.00%,   F
54845,Peadar,Orrett,45%,65%,45%,65%,220,55.00%,   F
75943,Brandon,Iddens,33%,65%,33%,65%,196,49.00%,   F
13154,Colette,Hall,44%,78%,44%,78%,244,61.00%,   D-
53414,Frederick,Radford,89%,45%,89%,45%,268,67.00%,   D+
36633,Cynthia,Deighan,74%,79%,74%,79%,306,76.50%,   C+
94868,Madison,Tidgewell,58%,48%,45%,65%,216,54.00%,   F
86774,Selestina,Lapsley,45%,69%,55%,72%,241,60.25%,   D-
14431,Alvie,O'Gavin,49%,66%,59%,78%,252,63.00%,   D
49743,Vaughn,Margarson,75%,75%,68%,66%,284,71.00%,   C-
51835,Melisenda,Burnsides,98%,44%,67%,42%,251,62.75%,   D-
43297,Aurore,Tomasian,65%,45%,65%,55%,230,57.50%,   F
24744,Parrnell,Kaminski,65%,54%,65%,54%,238,59.50%,   F
17868,Beatrix,Clemo,48%,86%,48%,86%,268,67.00%,   D+
42723,Hugibert,James,86%,45%,86%,45%,262,65.50%,   D
36121,Valle,Semon,75%,65%,75%,65%,280,70.00%,   C-
29758,Kessia,Escritt,45%,49%,45%,56%,195,48.75%,   F
88841,Esteban,Quinnell,32%,52%,32%,52%,168,42.00%,   F
38984,Kaia,Varrow,45%,63%,45%,63%,216,54.00%,   F
56454,Elisabet,Guthrie,98%,78%,98%,78%,352,88.00%,   B+
78780,Callean,Turford,100%,85%,100%,85%,370,92.50%,   A-
15230,Krisha,Jery,45%,54%,45%,54%,198,49.50%,   F
30840,Jyoti,Corke,55%,52%,55%,52%,214,53.50%,   F
72152,Danie,Farland,61%,52%,61%,52%,226,56.50%,   F
54090,Leonerd,Glaysher,78%,71%,78%,71%,298,74.50%,   C
18442,Rois,Shinner,68%,84%,68%,84%,304,76.00%,   C+
66815,Saleem,Biasi,88%,90%,88%,90%,356,89.00%,   B+
62300,Elayne,Meriott,94%,69%,94%,69%,326,81.50%,   B-
62337,Hartwell,Iacovo,89%,75%,89%,75%,328,82.00%,   B-
48878,Opaline,Thunders,55%,43%,55%,43%,196,49.00%,   F
63644,Abbe,Heale,45%,65%,45%,65%,220,55.00%,   F
59013,Henrie,Bryceson,33%,65%,33%,65%,196,49.00%,   F
16489,Stormie,Keates,44%,78%,44%,78%,244,61.00%,   D-
58408,Quentin,McGrey,89%,45%,89%,45%,268,67.00%,   D+
90972,Ivor,Quipp,74%,79%,74%,79%,306,76.50%,   C+
67680,Randi,Hawney,58%,48%,45%,65%,216,54.00%,   F
67134,Roberta,Yeldon,45%,69%,55%,72%,241,60.25%,   D-
99410,Lauritz,Connealy,49%,66%,59%,78%,252,63.00%,   D
22566,Gretal,Collacombe,75%,75%,68%,66%,284,71.00%,   C-
89857,Mirna,Deavall,98%,44%,67%,42%,251,62.75%,   D-
28852,Noell,Dolman,65%,45%,65%,55%,230,57.50%,   F
43550,Shaun,Arnason,65%,54%,65%,54%,238,59.50%,   F
38883,Chickie,Bumpass,48%,86%,48%,86%,268,67.00%,   D+
33526,Camey,Keefe,86%,45%,86%,45%,262,65.50%,   D
94206,Ethelred,Vasyagin,75%,65%,75%,65%,280,70.00%,   C-
49195,Weidar,Kann,45%,49%,45%,56%,195,48.75%,   F
59043,Den,Jantel,32%,52%,32%,52%,168,42.00%,   F
90369,Andee,Lamplugh,45%,63%,45%,63%,216,54.00%,   F
87227,Whitaker,Brockie,98%,78%,98%,78%,352,88.00%,   B+
61443,Hyacintha,Swayland,100%,85%,100%,85%,370,92.50%,   A-
52896,Myles,Frossell,45%,54%,45%,54%,198,49.50%,   F
38113,Torin,Gouck,55%,52%,55%,52%,214,53.50%,   F
20230,Roderick,Fotheringham,61%,52%,61%,52%,226,56.50%,   F
18168,Rainer,Pail,78%,71%,78%,71%,298,74.50%,   C
97989,Teresita,Bicker,68%,84%,68%,84%,304,76.00%,   C+
61008,Prudi,Pawlett,88%,90%,88%,90%,356,89.00%,   B+
10668,Darby,Suett,94%,69%,94%,69%,326,81.50%,   B-
29008,Alejoa,Shurrocks,89%,75%,89%,75%,328,82.00%,   B-
13634,Heriberto,Feedome,55%,43%,55%,43%,196,49.00%,   F
24859,Rhonda,Fenimore,45%,65%,45%,65%,220,55.00%,   F
51061,Padraig,Sego,33%,65%,33%,65%,196,49.00%,   F
64054,Blinny,Itzig,44%,78%,44%,78%,244,61.00%,   D-
98941,Conni,Reany,89%,45%,89%,45%,268,67.00%,   D+
44388,Pierce,Klimashevich,74%,79%,74%,79%,306,76.50%,   C+
58817,Sharline,Strudwick,58%,48%,45%,65%,216,54.00%,   F
47510,Dominique,Greiswood,45%,69%,55%,72%,241,60.25%,   D-
86480,Davide,Rodell,49%,66%,59%,78%,252,63.00%,   D
13849,Gabe,Staynes,75%,75%,68%,66%,284,71.00%,   C-
63674,Leila,Whistan,98%,44%,67%,42%,251,62.75%,   D-
96764,Hatti,Eyles,65%,45%,65%,55%,230,57.50%,   F
13626,Port,Wesgate,65%,54%,65%,54%,238,59.50%,   F
76028,Naoma,Hopfner,48%,86%,48%,86%,268,67.00%,   D+
47500,Kelby,Ronisch,86%,45%,86%,45%,262,65.50%,   D
51296,April,Crowder,75%,65%,75%,65%,280,70.00%,   C-
40523,Petr,Ganny,45%,49%,45%,56%,195,48.75%,   F
25942,Shari,Krikorian,32%,52%,32%,52%,168,42.00%,   F
65674,Marje,Dennington,45%,63%,45%,63%,216,54.00%,   F
10045,Emmery,Lorenzetto,98%,78%,98%,78%,352,88.00%,   B+
90096,Casey,Eymer,100%,85%,100%,85%,370,92.50%,   A-
65434,Bennie,Cobson,45%,54%,45%,54%,198,49.50%,   F
28462,Ximenez,Bang,55%,52%,55%,52%,214,53.50%,   F
19232,Tanhya,Goldsby,61%,52%,61%,52%,226,56.50%,   F
36932,Rube,Mowat,78%,71%,78%,71%,298,74.50%,   C
38848,Isaiah,Eberst,68%,84%,68%,84%,304,76.00%,   C+
35915,Kellby,Grzeskowski,88%,90%,88%,90%,356,89.00%,   B+
99429,Edsel,Fishpool,94%,69%,94%,69%,326,81.50%,   B-
50479,Roger,Cunah,89%,75%,89%,75%,328,82.00%,   B-
35558,Filberto,McElree,55%,43%,55%,43%,196,49.00%,   F
18429,Aleece,Tick,45%,65%,45%,65%,220,55.00%,   F
71128,Ofella,McClenan,33%,65%,33%,65%,196,49.00%,   F
97202,Chelsae,Rimmer,44%,78%,44%,78%,244,61.00%,   D-
11412,Galen,Longhi,89%,45%,89%,45%,268,67.00%,   D+
59023,Torrence,Mobley,74%,79%,74%,79%,306,76.50%,   C+
20881,Stillman,Arnaut,58%,48%,45%,65%,216,54.00%,   F
63281,Starlin,Shurmer,45%,69%,55%,72%,241,60.25%,   D-
20336,Kevan,Elwell,49%,66%,59%,78%,252,63.00%,   D
10980,Horton,Yukhnini,75%,75%,68%,66%,284,71.00%,   C-
30410,Dara,Ferrier,98%,44%,67%,42%,251,62.75%,   D-
92540,Gianni,Rodder,65%,45%,65%,55%,230,57.50%,   F
92222,Vite,Phethean,65%,54%,65%,54%,238,59.50%,   F
39589,Erinna,Brotherhed,48%,86%,48%,86%,268,67.00%,   D+
36407,Jacquenetta,Milesop,86%,45%,86%,45%,262,65.50%,   D
94050,Brent,Cowlam,75%,65%,75%,65%,280,70.00%,   C-
92953,Angil,Perillo,45%,49%,45%,56%,195,48.75%,   F
45657,Lisle,Nugent,32%,52%,32%,52%,168,42.00%,   F
16082,Maryrose,Schlagtmans,45%,63%,45%,63%,216,54.00%,   F
27558,Clareta,Feldhorn,98%,78%,98%,78%,352,88.00%,   B+
83625,Towny,Syce,100%,85%,100%,85%,370,92.50%,   A-
27678,Dalli,Cottham,45%,54%,45%,54%,198,49.50%,   F
49401,Hussein,Linnitt,55%,52%,55%,52%,214,53.50%,   F
26793,Gayleen,Vardy,61%,52%,61%,52%,226,56.50%,   F
92629,Dannie,Laimable,78%,71%,78%,71%,298,74.50%,   C
46971,Zed,Spratling,68%,84%,68%,84%,304,76.00%,   C+
30767,Jeremiah,Kohlerman,88%,90%,88%,90%,356,89.00%,   B+
71072,Dietrich,Amys,94%,69%,94%,69%,326,81.50%,   B-
24989,Heinrik,Kilfoyle,89%,75%,89%,75%,328,82.00%,   B-
51111,Annadiane,Moakson,55%,43%,55%,43%,196,49.00%,   F
92970,Linn,Crang,45%,65%,45%,65%,220,55.00%,   F
98982,Saundra,Hansed,33%,65%,33%,65%,196,49.00%,   F
49486,Karyl,Horburgh,44%,78%,44%,78%,244,61.00%,   D-
74345,Barnabe,Monkhouse,89%,45%,89%,45%,268,67.00%,   D+
59752,Meredeth,Greasley,74%,79%,74%,79%,306,76.50%,   C+
39553,Pam,Crannage,58%,48%,45%,65%,216,54.00%,   F
14356,Matty,Mussard,45%,69%,55%,72%,241,60.25%,   D-
33589,Nessa,Norris,49%,66%,59%,78%,252,63.00%,   D
77904,Alyce,Mewhirter,75%,75%,68%,66%,284,71.00%,   C-
48807,Cecilio,Turneux,98%,44%,67%,42%,251,62.75%,   D-
32195,Nona,Arunowicz,65%,45%,65%,55%,230,57.50%,   F
60719,Stanislaw,Gilks,65%,54%,65%,54%,238,59.50%,   F
34512,Kirby,Ridgway,48%,86%,48%,86%,268,67.00%,   D+
78146,Hermina,Allard,86%,45%,86%,45%,262,65.50%,   D
29193,Christie,Whyffen,75%,65%,75%,65%,280,70.00%,   C-
39183,Melinde,Ogers,45%,49%,45%,56%,195,48.75%,   F
61935,Cheri,O'Loghlen,32%,52%,32%,52%,168,42.00%,   F
60964,Aida,Ashenhurst,45%,63%,45%,63%,216,54.00%,   F
32252,Richmound,Davitashvili,98%,78%,98%,78%,352,88.00%,   B+
12971,Angel,McEachern,100%,85%,100%,85%,370,92.50%,   A-
37225,Stephannie,Cabrara,45%,54%,45%,54%,198,49.50%,   F
17459,Ingrim,McNeillie,55%,52%,55%,52%,214,53.50%,   F
84168,Noach,Wiggam,61%,52%,61%,52%,226,56.50%,   F
26944,Errick,Charters,78%,71%,78%,71%,298,74.50%,   C
36635,Winfred,Sextie,68%,84%,68%,84%,304,76.00%,   C+
82150,Corenda,Sirr,88%,90%,88%,90%,356,89.00%,   B+
75436,Katerina,Burnip,94%,69%,94%,69%,326,81.50%,   B-
65448,Murdoch,Lewins,89%,75%,89%,75%,328,82.00%,   B-
75542,Allard,Coveny,55%,43%,55%,43%,196,49.00%,   F
60618,Fredi,De Courtney,45%,65%,45%,65%,220,55.00%,   F
47424,Abbe,Sandars,33%,65%,33%,65%,196,49.00%,   F
64369,Donn,Pietersma,44%,78%,44%,78%,244,61.00%,   D-
22514,Aaron,Banford,89%,45%,89%,45%,268,67.00%,   D+
57714,Elsworth,Jerzyk,74%,79%,74%,79%,306,76.50%,   C+
28930,Robinson,Parrett,58%,48%,45%,65%,216,54.00%,   F
69936,Steffi,Jacobssen,45%,69%,55%,72%,241,60.25%,   D-
72555,Jenine,Haggata,49%,66%,59%,78%,252,63.00%,   D
75179,Mellie,Glander,75%,75%,68%,66%,284,71.00%,   C-
90111,Abbot,Heckney,98%,44%,67%,42%,251,62.75%,   D-
79597,Celene,Hann,65%,45%,65%,55%,230,57.50%,   F
80139,Maribelle,Darinton,65%,54%,65%,54%,238,59.50%,   F
31285,Theodore,Titterrell,48%,86%,48%,86%,268,67.00%,   D+
42826,Mortie,Darke,86%,45%,86%,45%,262,65.50%,   D
90582,Dannel,Nockles,75%,65%,75%,65%,280,70.00%,   C-
23782,Pierre,Kail,45%,49%,45%,56%,195,48.75%,   F
12393,Nicolas,Jiri,32%,52%,32%,52%,168,42.00%,   F
73543,Linell,Alexis,45%,63%,45%,63%,216,54.00%,   F
45276,Cordi,Mackrell,98%,78%,98%,78%,352,88.00%,   B+
78489,Moises,Gronou,100%,85%,100%,85%,370,92.50%,   A-
98841,Sheffie,Manuello,45%,54%,45%,54%,198,49.50%,   F
98792,Kelley,Glencross,55%,52%,55%,52%,214,53.50%,   F
63771,Bran,Leatherborrow,61%,52%,61%,52%,226,56.50%,   F
92329,Becky,Yellop,78%,71%,78%,71%,298,74.50%,   C
25526,Hayward,Eagleton,68%,84%,68%,84%,304,76.00%,   C+
67066,Cal,Hospital,88%,90%,88%,90%,356,89.00%,   B+
25418,Georgie,Blant,94%,69%,94%,69%,326,81.50%,   B-
52452,Ursulina,Mathys,89%,75%,89%,75%,328,82.00%,   B-
77140,Zeb,Dulin,55%,43%,55%,43%,196,49.00%,   F
52333,Reuben,Blaske,45%,65%,45%,65%,220,55.00%,   F
47925,Martita,Merrifield,33%,65%,33%,65%,196,49.00%,   F
20626,Abran,Gilogly,44%,78%,44%,78%,244,61.00%,   D-
66669,Jeffie,Lethabridge,89%,45%,89%,45%,268,67.00%,   D+
15434,Kyla,Gedge,74%,79%,74%,79%,306,76.50%,   C+
25089,Wallas,Gammage,58%,48%,45%,65%,216,54.00%,   F
44946,Rayshell,Soan,45%,69%,55%,72%,241,60.25%,   D-
10022,Fabio,Catonne,49%,66%,59%,78%,252,63.00%,   D
51730,Gaston,Lydiatt,75%,75%,68%,66%,284,71.00%,   C-
16527,Garnet,Zecchini,98%,44%,67%,42%,251,62.75%,   D-
90830,Alistair,Franzewitch,65%,45%,65%,55%,230,57.50%,   F
58844,Brander,Golling,65%,54%,65%,54%,238,59.50%,   F
58088,Cleon,Wycherley,48%,86%,48%,86%,268,67.00%,   D+
31642,Zsa zsa,Akroyd,86%,45%,86%,45%,262,65.50%,   D
53615,Eldin,Jados,75%,65%,75%,65%,280,70.00%,   C-
85460,Tarrance,Shuxsmith,45%,49%,45%,56%,195,48.75%,   F
95903,Edee,Tarling,32%,52%,32%,52%,168,42.00%,   F
21857,Phylis,Hogbin,45%,63%,45%,63%,216,54.00%,   F
65894,Hyman,Gorce,98%,78%,98%,78%,352,88.00%,   B+
39266,Brigida,Ivakhnov,100%,85%,100%,85%,370,92.50%,   A-
26018,Mufi,Bockett,45%,54%,45%,54%,198,49.50%,   F
20222,Margie,Redmille,55%,52%,55%,52%,214,53.50%,   F
97491,Rasla,Rochford,61%,52%,61%,52%,226,56.50%,   F
87169,Redd,Bener,78%,71%,78%,71%,298,74.50%,   C
31419,Almeta,Fellis,68%,84%,68%,84%,304,76.00%,   C+
84486,Pru,Hotchkin,88%,90%,88%,90%,356,89.00%,   B+
63758,Oates,Dugget,94%,69%,94%,69%,326,81.50%,   B-
95268,Nancey,Rattrie,89%,75%,89%,75%,328,82.00%,   B-
90051,Clarette,Stallion,55%,43%,55%,43%,196,49.00%,   F
64246,Jesse,Kubczak,45%,65%,45%,65%,220,55.00%,   F
74407,Nadiya,Antosch,33%,65%,33%,65%,196,49.00%,   F
89531,Consuela,Leaning,44%,78%,44%,78%,244,61.00%,   D-
12432,Kearney,Bleas,89%,45%,89%,45%,268,67.00%,   D+
62449,Hermon,Leeson,74%,79%,74%,79%,306,76.50%,   C+
67126,Quintin,Sawkins,58%,48%,45%,65%,216,54.00%,   F
74696,Nate,Headland,45%,69%,55%,72%,241,60.25%,   D-
49698,Donavon,Salsberg,49%,66%,59%,78%,252,63.00%,   D
47857,Chevy,Eves,75%,75%,68%,66%,284,71.00%,   C-
89323,Padriac,Georger,98%,44%,67%,42%,251,62.75%,   D-
60885,Jammal,Grigor,65%,45%,65%,55%,230,57.50%,   F
73375,Maude,Grastye,65%,54%,65%,54%,238,59.50%,   F
67338,Terry,Dinis,48%,86%,48%,86%,268,67.00%,   D+
73801,Josi,Chapell,86%,45%,86%,45%,262,65.50%,   D
14262,Marleen,Carley,75%,65%,75%,65%,280,70.00%,   C-
62881,Shani,Fortnam,45%,49%,45%,56%,195,48.75%,   F
33729,Worthington,Barabisch,32%,52%,32%,52%,168,42.00%,   F
53918,Annelise,Mablestone,45%,63%,45%,63%,216,54.00%,   F
88738,Conrad,Bonhill,98%,78%,98%,78%,352,88.00%,   B+
16621,Andrei,Gorringe,100%,85%,100%,85%,370,92.50%,   A-
80403,Wadsworth,Hiskey,45%,54%,45%,54%,198,49.50%,   F
12928,Connor,Hanlin,55%,52%,55%,52%,214,53.50%,   F
33944,Rockey,Ashfield,61%,52%,61%,52%,226,56.50%,   F
57530,Pandora,Lanegran,78%,71%,78%,71%,298,74.50%,   C
93032,Gayelord,Gai,68%,84%,68%,84%,304,76.00%,   C+
37509,Jerrie,Aberdeen,88%,90%,88%,90%,356,89.00%,   B+
11423,Jarret,Damiata,94%,69%,94%,69%,326,81.50%,   B-
73619,Inness,Santhouse,89%,75%,89%,75%,328,82.00%,   B-
64594,Valery,Durtnal,55%,43%,55%,43%,196,49.00%,   F
41990,Sammy,Prest,45%,65%,45%,65%,220,55.00%,   F
73748,Gennifer,Crux,33%,65%,33%,65%,196,49.00%,   F
54701,Charmain,Mellonby,44%,78%,44%,78%,244,61.00%,   D-
17504,Ansell,Brim,89%,45%,89%,45%,268,67.00%,   D+
39020,Hedi,Iredell,74%,79%,74%,79%,306,76.50%,   C+
93431,Berke,Hurley,58%,48%,45%,65%,216,54.00%,   F
75575,Boycie,Massy,45%,69%,55%,72%,241,60.25%,   D-
12912,Hesther,Mattiato,49%,66%,59%,78%,252,63.00%,   D
92007,Pren,Dorin,75%,75%,68%,66%,284,71.00%,   C-
68754,Katrina,Badsworth,98%,44%,67%,42%,251,62.75%,   D-
66469,Marsha,Deluce,65%,45%,65%,55%,230,57.50%,   F
39216,Angelina,Islep,65%,54%,65%,54%,238,59.50%,   F
83205,Virgie,Cathel,48%,86%,48%,86%,268,67.00%,   D+
49374,Correy,Kender,86%,45%,86%,45%,262,65.50%,   D
72102,Brendin,Libermore,75%,65%,75%,65%,280,70.00%,   C-
49281,Adams,Dunn,45%,49%,45%,56%,195,48.75%,   F
82630,Larry,Brockelsby,32%,52%,32%,52%,168,42.00%,   F
36918,Kanya,Bontein,45%,63%,45%,63%,216,54.00%,   F
62777,Morrie,Verman,98%,78%,98%,78%,352,88.00%,   B+
33927,Sibeal,Wybrew,100%,85%,100%,85%,370,92.50%,   A-
89739,Batsheva,Dornin,45%,54%,45%,54%,198,49.50%,   F
34646,Wake,Meachem,55%,52%,55%,52%,214,53.50%,   F
80187,York,Culbert,61%,52%,61%,52%,226,56.50%,   F
55554,Harley,Maisey,78%,71%,78%,71%,298,74.50%,   C
24546,Kimberly,Tarborn,68%,84%,68%,84%,304,76.00%,   C+
61755,Hertha,Riggoll,88%,90%,88%,90%,356,89.00%,   B+
52771,Konstantine,Stanworth,94%,69%,94%,69%,326,81.50%,   B-
96193,Enriqueta,Breznovic,89%,75%,89%,75%,328,82.00%,   B-
50146,Loise,Wittier,55%,43%,55%,43%,196,49.00%,   F
73952,Bernardo,Chaldecott,45%,65%,45%,65%,220,55.00%,   F
95017,Michael,Brabyn,33%,65%,33%,65%,196,49.00%,   F
23762,Linell,Dunseith,44%,78%,44%,78%,244,61.00%,   D-
48604,Konstance,O'Grada,89%,45%,89%,45%,268,67.00%,   D+
46091,Georgie,Bendson,74%,79%,74%,79%,306,76.50%,   C+
47799,Kit,Dudson,58%,48%,45%,65%,216,54.00%,   F
38734,Rupert,Cragell,45%,69%,55%,72%,241,60.25%,   D-
96110,Poul,Kuzma,49%,66%,59%,78%,252,63.00%,   D
36674,Warde,Riepl,75%,75%,68%,66%,284,71.00%,   C-
90716,Mannie,Chrystie,98%,44%,67%,42%,251,62.75%,   D-
16611,Rossie,Palfrey,65%,45%,65%,55%,230,57.50%,   F
26203,Phebe,Domerq,65%,54%,65%,54%,238,59.50%,   F
97610,Milli,Gamlin,48%,86%,48%,86%,268,67.00%,   D+
10019,Quinton,Gunning,86%,45%,86%,45%,262,65.50%,   D
32910,Lusa,Streeten,75%,65%,75%,65%,280,70.00%,   C-
21177,Evaleen,Gormally,45%,49%,45%,56%,195,48.75%,   F
26281,Terry,Walentynowicz,32%,52%,32%,52%,168,42.00%,   F
25567,Pauletta,Ivanitsa,45%,63%,45%,63%,216,54.00%,   F
85053,Rochester,Astridge,98%,78%,98%,78%,352,88.00%,   B+
50522,Bradan,Vondracek,100%,85%,100%,85%,370,92.50%,   A-
45761,Viki,Owtram,45%,54%,45%,54%,198,49.50%,   F
70327,Claire,Riggey,55%,52%,55%,52%,214,53.50%,   F
64698,Aurea,Longea,61%,52%,61%,52%,226,56.50%,   F
71723,Paton,Quinton,78%,71%,78%,71%,298,74.50%,   C
56672,Humberto,Elson,68%,84%,68%,84%,304,76.00%,   C+
24490,Dulciana,Crecy,88%,90%,88%,90%,356,89.00%,   B+
90674,Mervin,Liveley,94%,69%,94%,69%,326,81.50%,   B-
26691,Russ,Ramme,89%,75%,89%,75%,328,82.00%,   B-
18766,Elinor,Giacomozzo,55%,43%,55%,43%,196,49.00%,   F
96633,Lorraine,Tomowicz,45%,65%,45%,65%,220,55.00%,   F
50655,Nero,Lechelle,33%,65%,33%,65%,196,49.00%,   F
90515,Pen,Lory,44%,78%,44%,78%,244,61.00%,   D-
54849,Alis,Breeder,89%,45%,89%,45%,268,67.00%,   D+
20199,Gerrie,McCrostie,74%,79%,74%,79%,306,76.50%,   C+
76284,Boot,Leynton,58%,48%,45%,65%,216,54.00%,   F
93212,Trenton,Figgs,45%,69%,55%,72%,241,60.25%,   D-
62807,Lewiss,Ailward,49%,66%,59%,78%,252,63.00%,   D
93080,Maryanna,Whiles,75%,75%,68%,66%,284,71.00%,   C-
32523,Christian,Dumigan,98%,44%,67%,42%,251,62.75%,   D-
45745,Maxi,Bloodworth,65%,45%,65%,55%,230,57.50%,   F
36149,Rutherford,Allanson,65%,54%,65%,54%,238,59.50%,   F
62749,Carly,Clilverd,48%,86%,48%,86%,268,67.00%,   D+
28982,Anet,O'Towey,86%,45%,86%,45%,262,65.50%,   D
96182,Kelsey,Targe,75%,65%,75%,65%,280,70.00%,   C-
84525,Fleur,Blaber,45%,49%,45%,56%,195,48.75%,   F
34875,Zachery,Webermann,32%,52%,32%,52%,168,42.00%,   F
97717,Kylila,Pumphreys,45%,63%,45%,63%,216,54.00%,   F
13425,Nonnah,McKeggie,98%,78%,98%,78%,352,88.00%,   B+
47776,Pippy,Lambourne,100%,85%,100%,85%,370,92.50%,   A-
47493,Fidel,Mannix,45%,54%,45%,54%,198,49.50%,   F
97582,Merralee,Trenouth,55%,52%,55%,52%,214,53.50%,   F
59610,Marrissa,Gooddy,61%,52%,61%,52%,226,56.50%,   F
36471,Bryant,Swatheridge,78%,71%,78%,71%,298,74.50%,   C
91920,Estell,Werrilow,68%,84%,68%,84%,304,76.00%,   C+
32608,Taite,Gamage,88%,90%,88%,90%,356,89.00%,   B+
25293,Sigmund,Gillani,94%,69%,94%,69%,326,81.50%,   B-
77509,Wenona,Moody,89%,75%,89%,75%,328,82.00%,   B-
62589,Cordy,Blurton,55%,43%,55%,43%,196,49.00%,   F
15000,Alexa,Iorns,45%,65%,45%,65%,220,55.00%,   F
43159,Alexis,Spitaro,33%,65%,33%,65%,196,49.00%,   F
34006,Wernher,Beville,44%,78%,44%,78%,244,61.00%,   D-
44547,Danya,Rossin,89%,45%,89%,45%,268,67.00%,   D+
61420,Udall,Chrystal,74%,79%,74%,79%,306,76.50%,   C+
65948,Elvis,Holdren,58%,48%,45%,65%,216,54.00%,   F
68752,Isa,Levins,45%,69%,55%,72%,241,60.25%,   D-
18945,Jule,Bartaloni,49%,66%,59%,78%,252,63.00%,   D
19319,Randie,Kirsop,75%,75%,68%,66%,284,71.00%,   C-
45317,Herc,Kitchinham,98%,44%,67%,42%,251,62.75%,   D-
63066,Salomone,Spottiswoode,65%,45%,65%,55%,230,57.50%,   F
93647,Duncan,Kivlehan,65%,54%,65%,54%,238,59.50%,   F
86558,Nonah,Tolomei,48%,86%,48%,86%,268,67.00%,   D+
21567,Lishe,Kinchlea,86%,45%,86%,45%,262,65.50%,   D
19581,Dominic,Petrashov,75%,65%,75%,65%,280,70.00%,   C-
32537,Eduino,Fenlon,45%,49%,45%,56%,195,48.75%,   F
53866,Marsha,Wickey,32%,52%,32%,52%,168,42.00%,   F
39337,Sharai,Lyvon,45%,63%,45%,63%,216,54.00%,   F
91953,Gustavo,Westgarth,98%,78%,98%,78%,352,88.00%,   B+
63785,Vilhelmina,Melbert,100%,85%,100%,85%,370,92.50%,   A-
16899,Danette,Chateau,45%,54%,45%,54%,198,49.50%,   F
54669,Simon,Annetts,55%,52%,55%,52%,214,53.50%,   F
18111,Max,Dudliston,61%,52%,61%,52%,226,56.50%,   F
88492,Maddy,Bolding,78%,71%,78%,71%,298,74.50%,   C
79891,Lennie,Fryatt,68%,84%,68%,84%,304,76.00%,   C+
91470,Peadar,Trevethan,88%,90%,88%,90%,356,89.00%,   B+
70152,Pietrek,Ferrero,94%,69%,94%,69%,326,81.50%,   B-
31382,Winifred,Dumphrey,89%,75%,89%,75%,328,82.00%,   B-
66416,Gertrude,Breedy,55%,43%,55%,43%,196,49.00%,   F
83860,Jenni,Everleigh,45%,65%,45%,65%,220,55.00%,   F
43087,Brnaba,Snoxall,33%,65%,33%,65%,196,49.00%,   F
90505,Connie,Stannard,44%,78%,44%,78%,244,61.00%,   D-
82162,Lanette,Sangra,89%,45%,89%,45%,268,67.00%,   D+
65340,Celka,Kordas,74%,79%,74%,79%,306,76.50%,   C+
84318,Neddy,Dougary,58%,48%,45%,65%,216,54.00%,   F
12585,Clarance,Klugel,45%,69%,55%,72%,241,60.25%,   D-
80201,Gayle,Bartoletti,49%,66%,59%,78%,252,63.00%,   D
15361,Rosalia,Free,75%,75%,68%,66%,284,71.00%,   C-
99797,Farleigh,Wellington,98%,44%,67%,42%,251,62.75%,   D-
86351,Wyatt,Thaw,65%,45%,65%,55%,230,57.50%,   F
82606,Ann-marie,Lester,65%,54%,65%,54%,238,59.50%,   F
35853,Corenda,Poli,48%,86%,48%,86%,268,67.00%,   D+
92482,Nicholle,Phear,86%,45%,86%,45%,262,65.50%,   D
75805,Oswald,McGiff,75%,65%,75%,65%,280,70.00%,   C-
67289,Granny,Titta,45%,49%,45%,56%,195,48.75%,   F
93719,Flora,Mantrup,32%,52%,32%,52%,168,42.00%,   F
91955,Teresina,Elgar,45%,63%,45%,63%,216,54.00%,   F
55436,Marillin,Aviss,98%,78%,98%,78%,352,88.00%,   B+
71784,Cami,Ledekker,100%,85%,100%,85%,370,92.50%,   A-
97608,Ailbert,Abramski,45%,54%,45%,54%,198,49.50%,   F
67579,Del,Yosifov,55%,52%,55%,52%,214,53.50%,   F
83536,Duffy,Forge,61%,52%,61%,52%,226,56.50%,   F
12287,Phyllis,Streeter,78%,71%,78%,71%,298,74.50%,   C
50187,Waylin,Capnor,68%,84%,68%,84%,304,76.00%,   C+
68654,Katharine,Bacup,88%,90%,88%,90%,356,89.00%,   B+
93715,Aryn,Coop,94%,69%,94%,69%,326,81.50%,   B-
44941,Errick,Bemand,89%,75%,89%,75%,328,82.00%,   B-
81588,Audi,Gasking,55%,43%,55%,43%,196,49.00%,   F
96945,Cristabel,Wythill,45%,65%,45%,65%,220,55.00%,   F
51695,Rustie,Regan,33%,65%,33%,65%,196,49.00%,   F
58673,Adella,Thonason,44%,78%,44%,78%,244,61.00%,   D-
80651,Bryn,Snedker,89%,45%,89%,45%,268,67.00%,   D+
93651,Dona,McChruiter,74%,79%,74%,79%,306,76.50%,   C+
26063,Weidar,Telford,58%,48%,45%,65%,216,54.00%,   F
18167,Barb,Barraclough,45%,69%,55%,72%,241,60.25%,   D-
60796,Gale,Abdey,49%,66%,59%,78%,252,63.00%,   D
24839,Stevana,Lamplough,75%,75%,68%,66%,284,71.00%,   C-
20966,Aylmer,Conklin,98%,44%,67%,42%,251,62.75%,   D-
22257,Jennica,Phillipson,65%,45%,65%,55%,230,57.50%,   F
43473,Alwyn,Busk,65%,54%,65%,54%,238,59.50%,   F
60503,Jacquelyn,Ketteringham,48%,86%,48%,86%,268,67.00%,   D+
15980,Gwenore,Waith,86%,45%,86%,45%,262,65.50%,   D
26142,Guy,Pelling,75%,65%,75%,65%,280,70.00%,   C-
43161,Chanda,Poore,45%,49%,45%,56%,195,48.75%,   F
74491,Max,Tripett,32%,52%,32%,52%,168,42.00%,   F
43015,Aldrich,Wraggs,45%,63%,45%,63%,216,54.00%,   F
76205,Trever,Gimert,98%,78%,98%,78%,352,88.00%,   B+
25720,Rochester,Suggett,100%,85%,100%,85%,370,92.50%,   A-
47247,Lloyd,Kibblewhite,45%,54%,45%,54%,198,49.50%,   F
33591,Reeba,Leathem,55%,52%,55%,52%,214,53.50%,   F
97631,Travus,Piffe,61%,52%,61%,52%,226,56.50%,   F
15032,Darryl,Inworth,78%,71%,78%,71%,298,74.50%,   C
63348,Barbie,Feldberger,68%,84%,68%,84%,304,76.00%,   C+
31312,Jackelyn,Blagden,88%,90%,88%,90%,356,89.00%,   B+
38435,Nowell,Coney,94%,69%,94%,69%,326,81.50%,   B-
79466,Lilias,Ewbanke,89%,75%,89%,75%,328,82.00%,   B-
97742,Ferdie,Sanger,55%,43%,55%,43%,196,49.00%,   F
28856,El,Quirke,45%,65%,45%,65%,220,55.00%,   F
36737,Woodrow,Abbet,33%,65%,33%,65%,196,49.00%,   F
83940,Rudie,Osan,44%,78%,44%,78%,244,61.00%,   D-
66950,Natasha,Cansfield,89%,45%,89%,45%,268,67.00%,   D+
22394,Shannah,Van Dijk,74%,79%,74%,79%,306,76.50%,   C+
29670,Fremont,Fairfoull,58%,48%,45%,65%,216,54.00%,   F
25288,Far,McMichael,45%,69%,55%,72%,241,60.25%,   D-
18865,Salmon,Florence,49%,66%,59%,78%,252,63.00%,   D
59663,Katina,Langmuir,75%,75%,68%,66%,284,71.00%,   C-
10639,Gabi,McGaugey,98%,44%,67%,42%,251,62.75%,   D-
65090,Hillary,Giraldo,65%,45%,65%,55%,230,57.50%,   F
28150,Harry,Bussens,65%,54%,65%,54%,238,59.50%,   F
67120,Elia,Trinkwon,48%,86%,48%,86%,268,67.00%,   D+
73636,Murdock,Glenfield,86%,45%,86%,45%,262,65.50%,   D
68704,Cary,Ballham,75%,65%,75%,65%,280,70.00%,   C-
11307,Andrea,Taunton,45%,49%,45%,56%,195,48.75%,   F
24681,Eal,M'Chirrie,32%,52%,32%,52%,168,42.00%,   F
51275,Delcine,Puddle,45%,63%,45%,63%,216,54.00%,   F
95780,Link,Olexa,98%,78%,98%,78%,352,88.00%,   B+
39182,Sky,Gaynsford,100%,85%,100%,85%,370,92.50%,   A-
23258,Adelaide,Savil,45%,54%,45%,54%,198,49.50%,   F
92266,Jyoti,Girdlestone,55%,52%,55%,52%,214,53.50%,   F
96946,Regan,Broke,61%,52%,61%,52%,226,56.50%,   F
25184,Guenevere,Walkling,78%,71%,78%,71%,298,74.50%,   C
22105,Gawen,Gerber,68%,84%,68%,84%,304,76.00%,   C+
27474,Deeann,Ayllett,88%,90%,88%,90%,356,89.00%,   B+
31577,Malissa,Shanley,94%,69%,94%,69%,326,81.50%,   B-
79183,Tricia,Emberton,89%,75%,89%,75%,328,82.00%,   B-
26635,Colleen,Grisdale,55%,43%,55%,43%,196,49.00%,   F
13132,Kissee,Rosen,45%,65%,45%,65%,220,55.00%,   F
21613,Elise,Evitts,33%,65%,33%,65%,196,49.00%,   F
44887,Eddy,Bartoszinski,44%,78%,44%,78%,244,61.00%,   D-
38976,Irina,Carlsson,89%,45%,89%,45%,268,67.00%,   D+
39425,Reynard,Andrea,74%,79%,74%,79%,306,76.50%,   C+
59935,Dion,Duetschens,58%,48%,45%,65%,216,54.00%,   F
40408,Alphonse,Cure,45%,69%,55%,72%,241,60.25%,   D-
36813,Maximo,Liddel,49%,66%,59%,78%,252,63.00%,   D
25572,Ruprecht,Draxford,75%,75%,68%,66%,284,71.00%,   C-
30133,Archibold,Rowbottam,98%,44%,67%,42%,251,62.75%,   D-
37395,Baxter,Leathley,65%,45%,65%,55%,230,57.50%,   F
45493,Jamil,McGing,65%,54%,65%,54%,238,59.50%,   F
97992,Noemi,Tourot,48%,86%,48%,86%,268,67.00%,   D+
77449,Nehemiah,Seymark,86%,45%,86%,45%,262,65.50%,   D
32834,Bambi,Winterbotham,75%,65%,75%,65%,280,70.00%,   C-
35932,Lynde,Ducker,45%,49%,45%,56%,195,48.75%,   F
41002,Kevan,Strike,32%,52%,32%,52%,168,42.00%,   F
50579,Reagen,Crush,45%,63%,45%,63%,216,54.00%,   F
89843,Matthiew,Pettegre,98%,78%,98%,78%,352,88.00%,   B+
49500,Amata,Jenson,100%,85%,100%,85%,370,92.50%,   A-
48563,Briana,McPake,45%,54%,45%,54%,198,49.50%,   F
51110,Raddie,Tansley,55%,52%,55%,52%,214,53.50%,   F
79429,Cindelyn,Rhodes,61%,52%,61%,52%,226,56.50%,   F
72184,Jone,Wrefford,78%,71%,78%,71%,298,74.50%,   C
27368,Malina,Gilmour,68%,84%,68%,84%,304,76.00%,   C+
21922,Ignaz,Readman,88%,90%,88%,90%,356,89.00%,   B+
92704,Mordy,Becraft,94%,69%,94%,69%,326,81.50%,   B-
65610,Isidora,Miroy,89%,75%,89%,75%,328,82.00%,   B-
24796,Nancey,Simmings,55%,43%,55%,43%,196,49.00%,   F
30197,Axel,Pooley,45%,65%,45%,65%,220,55.00%,   F
66513,Lucio,Bernolet,33%,65%,33%,65%,196,49.00%,   F
16260,Julius,O'Scollee,44%,78%,44%,78%,244,61.00%,   D-
84548,Kevina,Potte,89%,45%,89%,45%,268,67.00%,   D+
62898,Blakelee,Stadden,74%,79%,74%,79%,306,76.50%,   C+
87911,Karlie,Rzehor,58%,48%,45%,65%,216,54.00%,   F
85102,Zeb,Greim,45%,69%,55%,72%,241,60.25%,   D-
35199,Laurence,Treske,49%,66%,59%,78%,252,63.00%,   D
74897,Meghan,Lightbourne,75%,75%,68%,66%,284,71.00%,   C-
92317,Rosemary,Tummasutti,98%,44%,67%,42%,251,62.75%,   D-
66907,Maxi,Garcia,65%,45%,65%,55%,230,57.50%,   F
91807,Paola,Argrave,65%,54%,65%,54%,238,59.50%,   F
31025,Turner,Morcomb,48%,86%,48%,86%,268,67.00%,   D+
47015,Ely,Varne,86%,45%,86%,45%,262,65.50%,   D
88599,Wynn,Vaudre,75%,65%,75%,65%,280,70.00%,   C-
49425,Angil,Mollin,45%,49%,45%,56%,195,48.75%,   F
83201,Ola,Vinick,32%,52%,32%,52%,168,42.00%,   F
26171,Catarina,McCullum,45%,63%,45%,63%,216,54.00%,   F
57332,Cathlene,Boothe,98%,78%,98%,78%,352,88.00%,   B+
23219,Goddard,Glassborow,100%,85%,100%,85%,370,92.50%,   A-
20537,Saw,Korous,45%,54%,45%,54%,198,49.50%,   F
45446,Jelene,Denecamp,55%,52%,55%,52%,214,53.50%,   F
61388,Diane,Bantham,61%,52%,61%,52%,226,56.50%,   F
56309,Shannon,Hinckes,78%,71%,78%,71%,298,74.50%,   C
58396,Aldous,Meric,68%,84%,68%,84%,304,76.00%,   C+
85393,Gonzales,Sapir,88%,90%,88%,90%,356,89.00%,   B+
68001,Clovis,Cunniam,94%,69%,94%,69%,326,81.50%,   B-
59332,Clotilda,Gimbart,89%,75%,89%,75%,328,82.00%,   B-
38964,Meagan,Shrimplin,55%,43%,55%,43%,196,49.00%,   F
36237,Cilka,McVanamy,45%,65%,45%,65%,220,55.00%,   F
61820,Ricoriki,Woodage,33%,65%,33%,65%,196,49.00%,   F
27993,Rianon,Gjerde,44%,78%,44%,78%,244,61.00%,   D-
51861,Catherine,Benner,89%,45%,89%,45%,268,67.00%,   D+
30945,Sallee,Tewkesbury.,74%,79%,74%,79%,306,76.50%,   C+
53881,Layla,Ciccarello,58%,48%,45%,65%,216,54.00%,   F
26432,Uriah,Wigfall,45%,69%,55%,72%,241,60.25%,   D-
30079,Farleigh,Thurstan,49%,66%,59%,78%,252,63.00%,   D
49288,Dacey,Drohun,75%,75%,68%,66%,284,71.00%,   C-
32464,Clerkclaude,Bigg,98%,44%,67%,42%,251,62.75%,   D-
44622,Dylan,Goligher,65%,45%,65%,55%,230,57.50%,   F
51839,Mauricio,Cromie,65%,54%,65%,54%,238,59.50%,   F
53369,Gifford,Mc Mechan,48%,86%,48%,86%,268,67.00%,   D+
51244,Ginnifer,Vyvyan,86%,45%,86%,45%,262,65.50%,   D
47058,Chen,Dumbleton,75%,65%,75%,65%,280,70.00%,   C-
61777,Reinold,Whissell,45%,49%,45%,56%,195,48.75%,   F
51837,Shelby,Sambals,32%,52%,32%,52%,168,42.00%,   F
44940,Dolorita,Baugh,45%,63%,45%,63%,216,54.00%,   F
51812,Roderigo,Dagnan,98%,78%,98%,78%,352,88.00%,   B+
39718,Grace,Moodey,100%,85%,100%,85%,370,92.50%,   A-
48993,Lauritz,Gaven,45%,54%,45%,54%,198,49.50%,   F
32896,Corrine,Roberts,55%,52%,55%,52%,214,53.50%,   F
46010,Desmund,Fenemore,61%,52%,61%,52%,226,56.50%,   F
60675,Gerianna,Cromett,78%,71%,78%,71%,298,74.50%,   C
61892,Obie,Roggerone,68%,84%,68%,84%,304,76.00%,   C+
57771,Deedee,Fernehough,88%,90%,88%,90%,356,89.00%,   B+
59121,Beau,Pemberton,94%,69%,94%,69%,326,81.50%,   B-
38440,Kendricks,Skilling,89%,75%,89%,75%,328,82.00%,   B-
44895,Denice,Ahmed,55%,43%,55%,43%,196,49.00%,   F
67443,Lesly,Crowcroft,45%,65%,45%,65%,220,55.00%,   F
28683,Reinaldo,St. Queintain,33%,65%,33%,65%,196,49.00%,   F
42397,Abagael,Wasmer,44%,78%,44%,78%,244,61.00%,   D-
45749,Caren,Dowsett,89%,45%,89%,45%,268,67.00%,   D+
51938,Henderson,Comrie,74%,79%,74%,79%,306,76.50%,   C+
58255,Edgardo,Simond,58%,48%,45%,65%,216,54.00%,   F
45424,Edithe,Carncross,45%,69%,55%,72%,241,60.25%,   D-
37930,Shelbi,Machin,49%,66%,59%,78%,252,63.00%,   D
31551,Cherie,Gooderick,75%,75%,68%,66%,284,71.00%,   C-
46918,Kare,Zimmermanns,98%,44%,67%,42%,251,62.75%,   D-
46218,Skipper,Dederick,65%,45%,65%,55%,230,57.50%,   F
32310,Felice,Oloshkin,65%,54%,65%,54%,238,59.50%,   F
49156,Renado,Brushneen,48%,86%,48%,86%,268,67.00%,   D+
37639,Howard,Destouche,86%,45%,86%,45%,262,65.50%,   D
29912,Westleigh,Lucian,75%,65%,75%,65%,280,70.00%,   C-
56406,Sada,Cockings,45%,49%,45%,56%,195,48.75%,   F
30154,Gordie,Daunter,32%,52%,32%,52%,168,42.00%,   F
57420,Sancho,Dobrowolny,45%,63%,45%,63%,216,54.00%,   F
64017,Rikki,Carne,98%,78%,98%,78%,352,88.00%,   B+
51764,Norris,Neal,100%,85%,100%,85%,370,92.50%,   A-
42580,Dilly,Biggadyke,45%,54%,45%,54%,198,49.50%,   F
44409,Mitchell,Pescud,55%,52%,55%,52%,214,53.50%,   F
48638,Amie,Waldrum,61%,52%,61%,52%,226,56.50%,   F
46925,Milo,Devas,78%,71%,78%,71%,298,74.50%,   C
39691,Odey,Epinoy,68%,84%,68%,84%,304,76.00%,   C+
43614,Paquito,Mallinder,88%,90%,88%,90%,356,89.00%,   B+
61051,Tamara,Munnings,94%,69%,94%,69%,326,81.50%,   B-
28955,Aldous,Coare,89%,75%,89%,75%,328,82.00%,   B-
37743,Felicio,Maidment,55%,43%,55%,43%,196,49.00%,   F
29619,Parrnell,Lurner,45%,65%,45%,65%,220,55.00%,   F
60723,Andriana,Gingold,33%,65%,33%,65%,196,49.00%,   F
64698,Claudian,Burree,44%,78%,44%,78%,244,61.00%,   D-
62687,Weidar,Ariss,89%,45%,89%,45%,268,67.00%,   D+
53154,Mellisent,Selborne,74%,79%,74%,79%,306,76.50%,   C+
62496,Bess,Patters,58%,48%,45%,65%,216,54.00%,   F
47411,Amy,Ottawell,45%,69%,55%,72%,241,60.25%,   D-
52488,Nicole,Calderwood,49%,66%,59%,78%,252,63.00%,   D
57029,Laraine,Dudding,75%,75%,68%,66%,284,71.00%,   C-
33153,Sancho,Week,98%,44%,67%,42%,251,62.75%,   D-
33115,Elliot,Eberdt,65%,45%,65%,55%,230,57.50%,   F
51421,Frederic,Reame,65%,54%,65%,54%,238,59.50%,   F
59561,Hermine,Markovic,48%,86%,48%,86%,268,67.00%,   D+
66142,Archy,Filchagin,86%,45%,86%,45%,262,65.50%,   D
43501,Gertrudis,Kornyakov,75%,65%,75%,65%,280,70.00%,   C-
26845,Neda,Strowger,45%,49%,45%,56%,195,48.75%,   F
29327,Joice,Glaserman,32%,52%,32%,52%,168,42.00%,   F
46555,Ronny,Jope,45%,63%,45%,63%,216,54.00%,   F
55930,Brandon,Corking,98%,78%,98%,78%,352,88.00%,   B+
33847,Elisabet,Dudney,100%,85%,100%,85%,370,92.50%,   A-
36115,Monica,Gowman,45%,54%,45%,54%,198,49.50%,   F
65186,Hyman,Masterson,55%,52%,55%,52%,214,53.50%,   F
40452,Thoma,Seebright,61%,52%,61%,52%,226,56.50%,   F
67260,Tybalt,Liffe,78%,71%,78%,71%,298,74.50%,   C
54124,Shayna,Bugdell,68%,84%,68%,84%,304,76.00%,   C+
58026,Hill,Becken,88%,90%,88%,90%,356,89.00%,   B+
37610,Wittie,Dolling,94%,69%,94%,69%,326,81.50%,   B-
47113,Emogene,Cowmeadow,89%,75%,89%,75%,328,82.00%,   B-
62594,Thorin,Florez,55%,43%,55%,43%,196,49.00%,   F
27150,Skippie,Paskins,45%,65%,45%,65%,220,55.00%,   F
27393,Pace,Ritch,33%,65%,33%,65%,196,49.00%,   F
51463,Mirelle,Hadlington,44%,78%,44%,78%,244,61.00%,   D-
36278,Daryle,Morter,89%,45%,89%,45%,268,67.00%,   D+
44249,Craggy,Midden,74%,79%,74%,79%,306,76.50%,   C+
46617,Pia,Reaper,58%,48%,45%,65%,216,54.00%,   F
32473,Khalil,Botwood,45%,69%,55%,72%,241,60.25%,   D-
47058,Jaye,Margett,49%,66%,59%,78%,252,63.00%,   D
58710,Grady,Cogin,75%,75%,68%,66%,284,71.00%,   C-
56262,Vladamir,Sinkins,98%,44%,67%,42%,251,62.75%,   D-
57692,Ludovico,Clemas,65%,45%,65%,55%,230,57.50%,   F
43987,Bryan,Pinwell,65%,54%,65%,54%,238,59.50%,   F
33658,Dolli,Klementz,48%,86%,48%,86%,268,67.00%,   D+
35932,Tallulah,Lynes,86%,45%,86%,45%,262,65.50%,   D
27217,Burr,Leigh,75%,65%,75%,65%,280,70.00%,   C-
63086,Delilah,Crocetto,45%,49%,45%,56%,195,48.75%,   F
42210,Alphard,Eichmann,32%,52%,32%,52%,168,42.00%,   F
41282,Bud,Crewes,45%,63%,45%,63%,216,54.00%,   F
31410,Myrta,Gillebride,98%,78%,98%,78%,352,88.00%,   B+
51235,Marianna,Ernshaw,100%,85%,100%,85%,370,92.50%,   A-
53814,Goddard,Tow,45%,54%,45%,54%,198,49.50%,   F
47473,Meryl,Riddock,55%,52%,55%,52%,214,53.50%,   F
53882,Kinnie,Mold,61%,52%,61%,52%,226,56.50%,   F
39507,Mercie,Ellcome,78%,71%,78%,71%,298,74.50%,   C
60654,Kevin,Bedinham,68%,84%,68%,84%,304,76.00%,   C+
29690,Bary,Barnwille,88%,90%,88%,90%,356,89.00%,   B+
43787,Adelaide,Purdy,94%,69%,94%,69%,326,81.50%,   B-
57342,Lori,MacLachlan,89%,75%,89%,75%,328,82.00%,   B-
61155,Claribel,Madison,55%,43%,55%,43%,196,49.00%,   F
62355,Jory,Jouhning,45%,65%,45%,65%,220,55.00%,   F
27783,Tabby,Peck,33%,65%,33%,65%,196,49.00%,   F
34821,Armand,Greaves,44%,78%,44%,78%,244,61.00%,   D-
38126,Barnett,Wellbank,89%,45%,89%,45%,268,67.00%,   D+
45696,Olly,Fenwick,74%,79%,74%,79%,306,76.50%,   C+
57206,Ann,Worsfield,58%,48%,45%,65%,216,54.00%,   F
48052,Zackariah,Swarbrigg,45%,69%,55%,72%,241,60.25%,   D-
61463,Morley,Abdy,49%,66%,59%,78%,252,63.00%,   D
56472,Jacynth,Raise,75%,75%,68%,66%,284,71.00%,   C-
61767,Brunhilda,Kennifeck,98%,44%,67%,42%,251,62.75%,   D-
27974,Ardis,Sterling,65%,45%,65%,55%,230,57.50%,   F
46758,Chaim,Duchenne,65%,54%,65%,54%,238,59.50%,   F
34977,Devlin,Rush,48%,86%,48%,86%,268,67.00%,   D+
46324,Cecilla,Duckerin,86%,45%,86%,45%,262,65.50%,   D
41560,Dominique,Wastie,75%,65%,75%,65%,280,70.00%,   C-
36344,Xenos,Lenton,45%,49%,45%,56%,195,48.75%,   F
36765,Marisa,Shepperd,32%,52%,32%,52%,168,42.00%,   F
47562,Lily,Payton,45%,63%,45%,63%,216,54.00%,   F
63180,Bord,Bunson,98%,78%,98%,78%,352,88.00%,   B+
38606,Eugenie,Commuzzo,100%,85%,100%,85%,370,92.50%,   A-
52401,Sutherland,Standidge,45%,54%,45%,54%,198,49.50%,   F
52021,Myrah,Grishinov,55%,52%,55%,52%,214,53.50%,   F
66237,Cornie,Shew,61%,52%,61%,52%,226,56.50%,   F
38570,Angie,McPhate,78%,71%,78%,71%,298,74.50%,   C
61178,Berky,Delafoy,68%,84%,68%,84%,304,76.00%,   C+
61379,Teodorico,Pughe,88%,90%,88%,90%,356,89.00%,   B+
62187,Keith,Reeder,94%,69%,94%,69%,326,81.50%,   B-
27893,Tyson,Brayshaw,89%,75%,89%,75%,328,82.00%,   B-
46759,Glynis,Caine,55%,43%,55%,43%,196,49.00%,   F
65400,Eden,O'Donovan,45%,65%,45%,65%,220,55.00%,   F
30124,Davie,Ruselin,33%,65%,33%,65%,196,49.00%,   F
39063,Claybourne,Petrenko,44%,78%,44%,78%,244,61.00%,   D-
53970,Barny,Purry,89%,45%,89%,45%,268,67.00%,   D+
38376,Ketti,McGrane,74%,79%,74%,79%,306,76.50%,   C+
36661,Germaine,Mussettini,58%,48%,45%,65%,216,54.00%,   F
32759,Weidar,Fellos,45%,69%,55%,72%,241,60.25%,   D-
36199,Krispin,Clifton,49%,66%,59%,78%,252,63.00%,   D
53521,Derrek,Basset,75%,75%,68%,66%,284,71.00%,   C-
51348,Shelbi,Tesimon,98%,44%,67%,42%,251,62.75%,   D-
27412,Worth,Sushams,65%,45%,65%,55%,230,57.50%,   F
61559,Chris,Dumper,65%,54%,65%,54%,238,59.50%,   F
65135,Caralie,Wasbey,48%,86%,48%,86%,268,67.00%,   D+
32747,Erastus,Gouly,86%,45%,86%,45%,262,65.50%,   D
51815,Kitti,Shawyer,75%,65%,75%,65%,280,70.00%,   C-
61976,Roman,Oxley,45%,49%,45%,56%,195,48.75%,   F
53725,Anabal,Durker,32%,52%,32%,52%,168,42.00%,   F
37577,El,Gurney,45%,63%,45%,63%,216,54.00%,   F
35997,Pavlov,Renoden,98%,78%,98%,78%,352,88.00%,   B+
52533,Glenden,Pallin,100%,85%,100%,85%,370,92.50%,   A-
63817,Gregory,Pettyfer,45%,54%,45%,54%,198,49.50%,   F