studentID,First name,Lastname,Midtermexam,Finalexam,assignment1,assignment2,Totalpoints,Studentaverage,Grade
79686,Velma ,Paul,0.49,0.66,0.59,0.78,252,0.63,   D
16792,Kibo ,Mcgee,0.75,0.75,0.68,0.66,284,0.71,   C-
92195,Louis ,Underwood,0.98,0.44,0.67,0.42,251,0.63,   D-
37569,Phyllis ,Clemons,0.65,0.45,0.65,0.55,230,0.58,   F
72878,Zenaida,Mcdowell,0.65,0.54,0.65,0.54,238,0.6,   F
66144,Gillian, Tillman,0.48,0.86,0.48,0.86,268,0.67,   D+
26685,Constance , Decker,0.86,0.45,0.86,0.45,262,0.66,   D
65254,Giselle,Lancaster,0.75,0.65,0.75,0.65,280,0.7,   C-
30143,Kirsten ,Walker,0.45,0.49,0.45,0.56,195,0.49,   F
90184,Bob ,Underwood,0.32,0.52,0.32,0.52,168,0.42,   F
94732,Sem ,Boone,0.45,0.63,0.45,0.63,216,0.54,   F
15508,Kibo ,Underwood,0.98,0.78,0.98,0.78,352,0.88,   B+
91913,Lucy ,Rivett,1,0.85,1,0.85,370,0.93,   A-
88540,Artur ,Lancaster,0.45,0.54,0.45,0.54,198,0.5,   F
70019,Taylor,Henstridge,0.55,0.52,0.55,0.52,214,0.54,   F
68803,Sue,Tebbett,0.61,0.52,0.61,0.52,226,0.57,   F
35553,John ,Henstridge,0.78,0.71,0.78,0.71,298,0.75,   C
94586,Lucas ,Mcgee,0.68,0.84,0.68,0.84,304,0.76,   C+
31322,Tony ,Shade,0.88,0.9,0.88,0.9,356,0.89,   B+
20335,Cutler ,Melmore,0.94,0.69,0.94,0.69,326,0.82,   B-
55147,Emma,Flooks,0.89,0.75,0.89,0.75,328,0.82,   B-
99424,Lindo ,Scala,0.55,0.43,0.55,0.43,196,0.49,   F
47276,Paul,Guerre,0.45,0.65,0.45,0.65,220,0.55,   F
86713,Sean,Benadette,0.33,0.65,0.33,0.65,196,0.49,   F
94888,Zehra ,Tolomelli,0.44,0.78,0.44,0.78,244,0.61,   D-
62417,William ,Tillman,0.89,0.45,0.89,0.45,268,0.67,   D+
99679,Alejandro ,Boone,0.74,0.79,0.74,0.79,306,0.77,   C+
52155,Patrick,Lancaster,0.58,0.48,0.45,0.65,216,0.54,   F
62423,Junior ,Mcdowell,0.45,0.69,0.55,0.72,241,0.6,   D-
54266,Lonnie,Tebbett,0.49,0.66,0.59,0.78,252,0.63,   D
92583,Ellerey,Halworth,0.75,0.75,0.68,0.66,284,0.71,   C-
61824,Maurits,Caughtry,0.98,0.44,0.67,0.42,251,0.63,   D-
35418,Fulton,Harbage,0.65,0.45,0.65,0.55,230,0.58,   F
16782,Missie,Tuke,0.65,0.54,0.65,0.54,238,0.6,   F
31900,Marnie,Fenney,0.48,0.86,0.48,0.86,268,0.67,   D+
43977,Charmain,Ivatts,0.86,0.45,0.86,0.45,262,0.66,   D
25682,Dotti,Rivett,0.75,0.65,0.75,0.65,280,0.7,   C-
80070,Dudley,Bedle,0.45,0.49,0.45,0.56,195,0.49,   F
37964,Vidovik,Hought,0.32,0.52,0.32,0.52,168,0.42,   F
15897,Gaylene,Echelle,0.45,0.63,0.45,0.63,216,0.54,   F
30146,Celestia,Degoix,0.98,0.78,0.98,0.78,352,0.88,   B+
33473,Imogene,Sushams,1,0.85,1,0.85,370,0.93,   A-
72454,Ambrosius,Rangell,0.45,0.54,0.45,0.54,198,0.5,   F
86144,Louise,McCromley,0.55,0.52,0.55,0.52,214,0.54,   F
26019,Bettye,Standingford,0.61,0.52,0.61,0.52,226,0.57,   F
51754,Stefanie,Braunfeld,0.78,0.71,0.78,0.71,298,0.75,   C
48527,Jessy,Craghead,0.68,0.84,0.68,0.84,304,0.76,   C+
34133,Stillmann,Flaonier,0.88,0.9,0.88,0.9,356,0.89,   B+
40358,Joseito,O'Donovan,0.94,0.69,0.94,0.69,326,0.82,   B-
12638,Jard,De Cleyne,0.89,0.75,0.89,0.75,328,0.82,   B-
89550,Danielle,L'oiseau,0.55,0.43,0.55,0.43,196,0.49,   F
91350,Barry,Whitnell,0.45,0.65,0.45,0.65,220,0.55,   F
56888,Lea,Salazar,0.33,0.65,0.33,0.65,196,0.49,   F
51232,Dukey,Rubinivitz,0.44,0.78,0.44,0.78,244,0.61,   D-
29976,Myer,Kid,0.89,0.45,0.89,0.45,268,0.67,   D+
77799,Royce,Blindt,0.74,0.79,0.74,0.79,306,0.77,   C+
80653,Elissa,Wilds,0.58,0.48,0.45,0.65,216,0.54,   F
47777,Rosalinde,Jeeves,0.45,0.69,0.55,0.72,241,0.6,   D-
27865,Virginie,Behne,0.49,0.66,0.59,0.78,252,0.63,   D
32439,Doug,Kenway,0.75,0.75,0.68,0.66,284,0.71,   C-
23362,Mikey,Stollwerk,0.98,0.44,0.67,0.42,251,0.63,   D-
48416,Rayshell,Klimke,0.65,0.45,0.65,0.55,230,0.58,   F
14314,Leanna,Faucett,0.65,0.54,0.65,0.54,238,0.6,   F
56041,Raeann,Genge,0.48,0.86,0.48,0.86,268,0.67,   D+
52944,Brinna,Henstridge,0.86,0.45,0.86,0.45,262,0.66,   D
46029,Kerry,Gayle,0.75,0.65,0.75,0.65,280,0.7,   C-
48770,Aldous,Licciardello,0.45,0.49,0.45,0.56,195,0.49,   F
81126,Benedicta,Shadrack,0.32,0.52,0.32,0.52,168,0.42,   F
47991,Jennee,Ashcroft,0.45,0.63,0.45,0.63,216,0.54,   F
59276,Sergent,Mapowder,0.98,0.78,0.98,0.78,352,0.88,   B+
55524,Abdel,Bullan,1,0.85,1,0.85,370,0.93,   A-
79312,Tyrone,O' Bee,0.45,0.54,0.45,0.54,198,0.5,   F
80473,Esma,Catherall,0.55,0.52,0.55,0.52,214,0.54,   F
22420,Melanie,Carleton,0.61,0.52,0.61,0.52,226,0.57,   F
88521,Layton,Fust,0.78,0.71,0.78,0.71,298,0.75,   C
46201,Blair,Bentote,0.68,0.84,0.68,0.84,304,0.76,   C+
88370,Verne,Booij,0.88,0.9,0.88,0.9,356,0.89,   B+
31609,Libby,Cliss,0.94,0.69,0.94,0.69,326,0.82,   B-
21304,Dolley,Edgecumbe,0.89,0.75,0.89,0.75,328,0.82,   B-
65266,Maurise,Farington,0.55,0.43,0.55,0.43,196,0.49,   F
63406,Renaud,Collisson,0.45,0.65,0.45,0.65,220,0.55,   F
51639,Tyrone,Hanssmann,0.33,0.65,0.33,0.65,196,0.49,   F
71576,Patrice,Jeanneau,0.44,0.78,0.44,0.78,244,0.61,   D-
60872,Charmain,Parmeter,0.89,0.45,0.89,0.45,268,0.67,   D+
87470,Hadley,Bole,0.74,0.79,0.74,0.79,306,0.77,   C+
75696,Mick,Arden,0.58,0.48,0.45,0.65,216,0.54,   F
67309,Darius,Paladini,0.45,0.69,0.55,0.72,241,0.6,   D-
90922,Grata,Dedam,0.49,0.66,0.59,0.78,252,0.63,   D
51402,Indira,Levane,0.75,0.75,0.68,0.66,284,0.71,   C-
63877,Juline,Drivers,0.98,0.44,0.67,0.42,251,0.63,   D-
46019,Winfred,Metherell,0.65,0.45,0.65,0.55,230,0.58,   F
76841,Adria,Goymer,0.65,0.54,0.65,0.54,238,0.6,   F
91307,Gaven,Duggan,0.48,0.86,0.48,0.86,268,0.67,   D+
59985,Anson,Duckering,0.86,0.45,0.86,0.45,262,0.66,   D
81598,Antin,Raddish,0.75,0.65,0.75,0.65,280,0.7,   C-
31125,Rutherford,Winham,0.45,0.49,0.45,0.56,195,0.49,   F
85447,Adiana,Trulocke,0.32,0.52,0.32,0.52,168,0.42,   F
45412,Carling,Pudge,0.45,0.63,0.45,0.63,216,0.54,   F
84601,Devlen,Rimes,0.98,0.78,0.98,0.78,352,0.88,   B+
79957,Roobbie,Gouny,1,0.85,1,0.85,370,0.93,   A-
24432,Ban,Blaxley,0.45,0.54,0.45,0.54,198,0.5,   F
90824,Bertie,Lamble,0.55,0.52,0.55,0.52,214,0.54,   F
61440,Alameda,Botterman,0.61,0.52,0.61,0.52,226,0.57,   F
83596,Cosme,Lamanby,0.78,0.71,0.78,0.71,298,0.75,   C
36917,Lexie,Brownsword,0.68,0.84,0.68,0.84,304,0.76,   C+
36502,Kara,Shade,0.88,0.9,0.88,0.9,356,0.89,   B+
63209,Donalt,Melmore,0.94,0.69,0.94,0.69,326,0.82,   B-
12899,Vida,Flooks,0.89,0.75,0.89,0.75,328,0.82,   B-
75041,Claudio,Scala,0.55,0.43,0.55,0.43,196,0.49,   F
57269,Carlie,Guerre,0.45,0.65,0.45,0.65,220,0.55,   F
95775,Tessi,Benadette,0.33,0.65,0.33,0.65,196,0.49,   F
47199,Renaldo,Tolomelli,0.44,0.78,0.44,0.78,244,0.61,   D-
64153,Matthus,Mogg,0.89,0.45,0.89,0.45,268,0.67,   D+
44232,Dolley,Stallan,0.74,0.79,0.74,0.79,306,0.77,   C+
16254,Stefania,Smead,0.58,0.48,0.45,0.65,216,0.54,   F
23715,Aurea,Settle,0.45,0.69,0.55,0.72,241,0.6,   D-
46086,Kris,Cochrane,0.49,0.66,0.59,0.78,252,0.63,   D
35081,Kippar,Frift,0.75,0.75,0.68,0.66,284,0.71,   C-
83443,Chance,Hearthfield,0.98,0.44,0.67,0.42,251,0.63,   D-
89753,Friederike,Cale,0.65,0.45,0.65,0.55,230,0.58,   F
30797,Lannie,Balshaw,0.65,0.54,0.65,0.54,238,0.6,   F
49716,Garek,Davenall,0.48,0.86,0.48,0.86,268,0.67,   D+
52992,Hank,Sillick,0.86,0.45,0.86,0.45,262,0.66,   D
58010,Lambert,Curdell,0.75,0.65,0.75,0.65,280,0.7,   C-
31036,Fredric,Dowber,0.45,0.49,0.45,0.56,195,0.49,   F
10544,Othelia,Flatt,0.32,0.52,0.32,0.52,168,0.42,   F
75483,Lexie,Tatlock,0.45,0.63,0.45,0.63,216,0.54,   F
85762,Babara,MacCardle,0.98,0.78,0.98,0.78,352,0.88,   B+
96409,Tucky,Oboy,1,0.85,1,0.85,370,0.93,   A-
43631,Vinnie,Shackel,0.45,0.54,0.45,0.54,198,0.5,   F
38231,Peta,Brechin,0.55,0.52,0.55,0.52,214,0.54,   F
97247,Michal,Borsay,0.61,0.52,0.61,0.52,226,0.57,   F
41094,Pierre,Limmer,0.78,0.71,0.78,0.71,298,0.75,   C
33772,Clay,Marriot,0.68,0.84,0.68,0.84,304,0.76,   C+
65436,Trumaine,Geer,0.88,0.9,0.88,0.9,356,0.89,   B+
50680,Archibald,Grouer,0.94,0.69,0.94,0.69,326,0.82,   B-
46516,Derick,Konig,0.89,0.75,0.89,0.75,328,0.82,   B-
80041,Harley,Poon,0.55,0.43,0.55,0.43,196,0.49,   F
94205,Brandea,Wieprecht,0.45,0.65,0.45,0.65,220,0.55,   F
69824,Luther,Daburn,0.33,0.65,0.33,0.65,196,0.49,   F
46666,Gussie,Jedrzaszkiewicz,0.44,0.78,0.44,0.78,244,0.61,   D-
43592,Gavrielle,Benadette,0.89,0.45,0.89,0.45,268,0.67,   D+
10288,Evelina,Acey,0.74,0.79,0.74,0.79,306,0.77,   C+
57017,Adolphus,Poyle,0.58,0.48,0.45,0.65,216,0.54,   F
27391,Cameron,Saleway,0.45,0.69,0.55,0.72,241,0.6,   D-
96929,Derick,Kings,0.49,0.66,0.59,0.78,252,0.63,   D
49324,Joaquin,Smallpeice,0.75,0.75,0.68,0.66,284,0.71,   C-
46932,Lesley,Visick,0.98,0.44,0.67,0.42,251,0.63,   D-
47565,Maris,Gummory,0.65,0.45,0.65,0.55,230,0.58,   F
94724,Clement,Milne,0.65,0.54,0.65,0.54,238,0.6,   F
26335,Joelle,Showler,0.48,0.86,0.48,0.86,268,0.67,   D+
37244,Rozelle,Owthwaite,0.86,0.45,0.86,0.45,262,0.66,   D
68484,Kippie,Staten,0.75,0.65,0.75,0.65,280,0.7,   C-
64602,Lazare,Melton,0.45,0.49,0.45,0.56,195,0.49,   F
41073,Cordey,Woodfield,0.32,0.52,0.32,0.52,168,0.42,   F
44473,Ives,Giovannelli,0.45,0.63,0.45,0.63,216,0.54,   F
39254,Zeke,Kleen,0.98,0.78,0.98,0.78,352,0.88,   B+
27852,Jeniece,Elderbrant,1,0.85,1,0.85,370,0.93,   A-
68228,Gregoor,Grzesiewicz,0.45,0.54,0.45,0.54,198,0.5,   F
88965,Amabelle,Astbery,0.55,0.52,0.55,0.52,214,0.54,   F
34890,Corty,Flowitt,0.61,0.52,0.61,0.52,226,0.57,   F
98665,Cissiee,Scougall,0.78,0.71,0.78,0.71,298,0.75,   C
16402,Brig,Tovey,0.68,0.84,0.68,0.84,304,0.76,   C+
31784,Kassie,Tanslie,0.88,0.9,0.88,0.9,356,0.89,   B+
98774,Gris,Escale,0.94,0.69,0.94,0.69,326,0.82,   B-
53021,Breanne,Grenkov,0.89,0.75,0.89,0.75,328,0.82,   B-
57706,Brigida,Anglin,0.55,0.43,0.55,0.43,196,0.49,   F
22008,Finn,Jzak,0.45,0.65,0.45,0.65,220,0.55,   F
24693,Gregorius,Dacey,0.33,0.65,0.33,0.65,196,0.49,   F
70445,Rosalia,Lockart,0.44,0.78,0.44,0.78,244,0.61,   D-
91220,Jasmine,Lendrem,0.89,0.45,0.89,0.45,268,0.67,   D+
83170,Edyth,Josilowski,0.74,0.79,0.74,0.79,306,0.77,   C+
17602,Alvin,Novotna,0.58,0.48,0.45,0.65,216,0.54,   F
88766,Karel,Bedson,0.45,0.69,0.55,0.72,241,0.6,   D-
21130,Reginauld,Kibbel,0.49,0.66,0.59,0.78,252,0.63,   D
80096,Melloney,Shinefield,0.75,0.75,0.68,0.66,284,0.71,   C-
66073,Lyndsie,Maudlin,0.98,0.44,0.67,0.42,251,0.63,   D-
48933,Emlyn,Jurgenson,0.65,0.45,0.65,0.55,230,0.58,   F
22119,Katrina,Connew,0.65,0.54,0.65,0.54,238,0.6,   F
71489,Phylys,Babb,0.48,0.86,0.48,0.86,268,0.67,   D+
78710,Fonz,Rodnight,0.86,0.45,0.86,0.45,262,0.66,   D
63046,Noble,Crowth,0.75,0.65,0.75,0.65,280,0.7,   C-
16243,Bertie,Jephson,0.45,0.49,0.45,0.56,195,0.49,   F
51439,Orland,Regis,0.32,0.52,0.32,0.52,168,0.42,   F
86090,Joe,Sebyer,0.45,0.63,0.45,0.63,216,0.54,   F
26331,Sher,Whybrow,0.98,0.78,0.98,0.78,352,0.88,   B+
48595,Corrie,Wilber,1,0.85,1,0.85,370,0.93,   A-
77659,Billy,Rebert,0.45,0.54,0.45,0.54,198,0.5,   F
46271,Claudius,Victor,0.55,0.52,0.55,0.52,214,0.54,   F
20550,Leila,Woolway,0.61,0.52,0.61,0.52,226,0.57,   F
65239,Rosita,Comley,0.78,0.71,0.78,0.71,298,0.75,   C
90055,Rustin,Morlon,0.68,0.84,0.68,0.84,304,0.76,   C+
49687,Felita,Accomb,0.88,0.9,0.88,0.9,356,0.89,   B+
22997,Michele,Dudding,0.94,0.69,0.94,0.69,326,0.82,   B-
57225,Shanda,Collisson,0.89,0.75,0.89,0.75,328,0.82,   B-
78608,Patrizius,MacKall,0.55,0.43,0.55,0.43,196,0.49,   F
27277,Odie,Slopier,0.45,0.65,0.45,0.65,220,0.55,   F
82359,Fayre,Sarath,0.33,0.65,0.33,0.65,196,0.49,   F
79915,Norbert,Carabine,0.44,0.78,0.44,0.78,244,0.61,   D-
29059,Domenic,Ourtic,0.89,0.45,0.89,0.45,268,0.67,   D+
11016,Britt,Tolefree,0.74,0.79,0.74,0.79,306,0.77,   C+
61318,Delcine,Ewbank,0.58,0.48,0.45,0.65,216,0.54,   F
63073,Sibby,Grzelewski,0.45,0.69,0.55,0.72,241,0.6,   D-
16874,Engracia,BURWIN,0.49,0.66,0.59,0.78,252,0.63,   D
86726,Milicent,Rutley,0.75,0.75,0.68,0.66,284,0.71,   C-
98084,Marten,Cockley,0.98,0.44,0.67,0.42,251,0.63,   D-
97233,Constance,Belsham,0.65,0.45,0.65,0.55,230,0.58,   F
26990,Chrissy,Carek,0.65,0.54,0.65,0.54,238,0.6,   F
97428,Pauly,McGuggy,0.48,0.86,0.48,0.86,268,0.67,   D+
88125,Matthias,Kitchingham,0.86,0.45,0.86,0.45,262,0.66,   D
11211,Sammy,Farnes,0.75,0.65,0.75,0.65,280,0.7,   C-
75942,Florencia,Beenham,0.45,0.49,0.45,0.56,195,0.49,   F
32502,Far,Dominelli,0.32,0.52,0.32,0.52,168,0.42,   F
74453,Costanza,Busher,0.45,0.63,0.45,0.63,216,0.54,   F
67849,Aeriela,Hatt,0.98,0.78,0.98,0.78,352,0.88,   B+
26769,Rayna,Abramcik,1,0.85,1,0.85,370,0.93,   A-
99579,Shurlock,Headon,0.45,0.54,0.45,0.54,198,0.5,   F
19846,Stewart,Lambertini,0.55,0.52,0.55,0.52,214,0.54,   F
60535,Devlin,Phillipps,0.61,0.52,0.61,0.52,226,0.57,   F
87229,Shina,Mumberson,0.78,0.71,0.78,0.71,298,0.75,   C
20855,Juan,Revans,0.68,0.84,0.68,0.84,304,0.76,   C+
14741,Wally,Getten,0.88,0.9,0.88,0.9,356,0.89,   B+
58272,Godfrey,De Rechter,0.94,0.69,0.94,0.69,326,0.82,   B-
58931,Euell,Buttress,0.89,0.75,0.89,0.75,328,0.82,   B-
82998,Devonne,Bannard,0.55,0.43,0.55,0.43,196,0.49,   F
20225,Tades,Stiffkins,0.45,0.65,0.45,0.65,220,0.55,   F
36269,Clarice,Ciobutaru,0.33,0.65,0.33,0.65,196,0.49,   F
61491,Robyn,Pleming,0.44,0.78,0.44,0.78,244,0.61,   D-
90568,Deeanne,Haith,0.89,0.45,0.89,0.45,268,0.67,   D+
99229,Anson,Syson,0.74,0.79,0.74,0.79,306,0.77,   C+
49928,Bar,Steeden,0.58,0.48,0.45,0.65,216,0.54,   F
38623,Vincent,Aust,0.45,0.69,0.55,0.72,241,0.6,   D-
16821,Marlo,Donegan,0.49,0.66,0.59,0.78,252,0.63,   D
15692,Tiffany,Egarr,0.75,0.75,0.68,0.66,284,0.71,   C-
22635,Clayborne,Palombi,0.98,0.44,0.67,0.42,251,0.63,   D-
27742,Ransell,Mozzini,0.65,0.45,0.65,0.55,230,0.58,   F
52635,Franzen,MacEllen,0.65,0.54,0.65,0.54,238,0.6,   F
11621,Simonette,Gothup,0.48,0.86,0.48,0.86,268,0.67,   D+
77397,Shelagh,Penny,0.86,0.45,0.86,0.45,262,0.66,   D
50254,Anabella,Driver,0.75,0.65,0.75,0.65,280,0.7,   C-
39150,Vail,Greber,0.45,0.49,0.45,0.56,195,0.49,   F
25028,Franky,Heatley,0.32,0.52,0.32,0.52,168,0.42,   F
78397,Marian,Pimbley,0.45,0.63,0.45,0.63,216,0.54,   F
21894,Georgina,Enbury,0.98,0.78,0.98,0.78,352,0.88,   B+
59443,Alvan,Ramelet,1,0.85,1,0.85,370,0.93,   A-
62877,Ursula,O'Calleran,0.45,0.54,0.45,0.54,198,0.5,   F
56954,Danila,Gilberthorpe,0.55,0.52,0.55,0.52,214,0.54,   F
56131,Sharleen,Andrews,0.61,0.52,0.61,0.52,226,0.57,   F
47520,Dorrie,Candwell,0.78,0.71,0.78,0.71,298,0.75,   C
60163,Orelie,Leyson,0.68,0.84,0.68,0.84,304,0.76,   C+
56445,Dotti,Highton,0.88,0.9,0.88,0.9,356,0.89,   B+
96625,Colman,Poile,0.94,0.69,0.94,0.69,326,0.82,   B-
95494,Faye,Manchett,0.89,0.75,0.89,0.75,328,0.82,   B-
45438,Jo-ann,Moyles,0.55,0.43,0.55,0.43,196,0.49,   F
58207,Zerk,Makiver,0.45,0.65,0.45,0.65,220,0.55,   F
48140,Rahel,Enston,0.33,0.65,0.33,0.65,196,0.49,   F
99684,Thurston,Slane,0.44,0.78,0.44,0.78,244,0.61,   D-
73741,Ardeen,Farrin,0.89,0.45,0.89,0.45,268,0.67,   D+
78524,Chico,Fraczek,0.74,0.79,0.74,0.79,306,0.77,   C+
36367,Tamar,Purrington,0.58,0.48,0.45,0.65,216,0.54,   F
90151,Kristine,Triner,0.45,0.69,0.55,0.72,241,0.6,   D-
13991,Raynor,Bister,0.49,0.66,0.59,0.78,252,0.63,   D
57536,Timmy,Stoakley,0.75,0.75,0.68,0.66,284,0.71,   C-
28366,Kirbee,Breissan,0.98,0.44,0.67,0.42,251,0.63,   D-
52450,Sherwynd,Venn,0.65,0.45,0.65,0.55,230,0.58,   F
40545,Antonino,Francesch,0.65,0.54,0.65,0.54,238,0.6,   F
39960,Jobey,Pulham,0.48,0.86,0.48,0.86,268,0.67,   D+
24867,Mitzi,Eady,0.86,0.45,0.86,0.45,262,0.66,   D
20526,Vikki,Porteous,0.75,0.65,0.75,0.65,280,0.7,   C-
73939,Amity,Verrell,0.45,0.49,0.45,0.56,195,0.49,   F
52040,Rory,Kief,0.32,0.52,0.32,0.52,168,0.42,   F
44894,Craggy,Vasyunin,0.45,0.63,0.45,0.63,216,0.54,   F
29334,Renard,Meuse,0.98,0.78,0.98,0.78,352,0.88,   B+
99132,Noach,Polamontayne,1,0.85,1,0.85,370,0.93,   A-
66067,Jedd,Ghiroldi,0.45,0.54,0.45,0.54,198,0.5,   F
60518,Natka,Micheli,0.55,0.52,0.55,0.52,214,0.54,   F
49645,Valery,Heinecke,0.61,0.52,0.61,0.52,226,0.57,   F
67880,Sissy,Smalman,0.78,0.71,0.78,0.71,298,0.75,   C
53333,Caesar,Abrey,0.68,0.84,0.68,0.84,304,0.76,   C+
47056,Mag,Facchini,0.88,0.9,0.88,0.9,356,0.89,   B+
31890,Hilly,Mansford,0.94,0.69,0.94,0.69,326,0.82,   B-
12414,Benetta,Glasner,0.89,0.75,0.89,0.75,328,0.82,   B-
60358,Beryle,Mintoff,0.55,0.43,0.55,0.43,196,0.49,   F
79091,Audry,Sellstrom,0.45,0.65,0.45,0.65,220,0.55,   F
92722,Salomi,Acom,0.33,0.65,0.33,0.65,196,0.49,   F
71658,Court,Henbury,0.44,0.78,0.44,0.78,244,0.61,   D-
16108,Wilbur,Hawk,0.89,0.45,0.89,0.45,268,0.67,   D+
56560,Pattie,Drance,0.74,0.79,0.74,0.79,306,0.77,   C+
78964,Timmie,Robbs,0.58,0.48,0.45,0.65,216,0.54,   F
60235,Corie,Manuaud,0.45,0.69,0.55,0.72,241,0.6,   D-
92574,Marybeth,Bickardike,0.49,0.66,0.59,0.78,252,0.63,   D
22095,Georgeta,Neave,0.75,0.75,0.68,0.66,284,0.71,   C-
15328,Dudley,Doumenc,0.98,0.44,0.67,0.42,251,0.63,   D-
87216,Berty,Cunio,0.65,0.45,0.65,0.55,230,0.58,   F
82400,Valera,Conniam,0.65,0.54,0.65,0.54,238,0.6,   F
46140,Joletta,Mixworthy,0.48,0.86,0.48,0.86,268,0.67,   D+
69723,Carlee,Aksell,0.86,0.45,0.86,0.45,262,0.66,   D
20788,Dasha,Pattingson,0.75,0.65,0.75,0.65,280,0.7,   C-
36341,Emilie,Mantz,0.45,0.49,0.45,0.56,195,0.49,   F
83189,Ashil,Conre,0.32,0.52,0.32,0.52,168,0.42,   F
94762,Oralie,Jewar,0.45,0.63,0.45,0.63,216,0.54,   F
31770,Berkly,Bootton,0.98,0.78,0.98,0.78,352,0.88,   B+
18060,Gus,Highton,1,0.85,1,0.85,370,0.93,   A-
55420,Gerardo,Greenly,0.45,0.54,0.45,0.54,198,0.5,   F
44920,Bradan,Tree,0.55,0.52,0.55,0.52,214,0.54,   F
46572,Tomkin,Filde,0.61,0.52,0.61,0.52,226,0.57,   F
85514,Evonne,Hughesdon,0.78,0.71,0.78,0.71,298,0.75,   C
17012,Rorke,Grieves,0.68,0.84,0.68,0.84,304,0.76,   C+
71423,Simona,Mouan,0.88,0.9,0.88,0.9,356,0.89,   B+
93762,Shirleen,Bonicelli,0.94,0.69,0.94,0.69,326,0.82,   B-
34166,Mattheus,Jandera,0.89,0.75,0.89,0.75,328,0.82,   B-
45868,Den,Learie,0.55,0.43,0.55,0.43,196,0.49,   F
17456,Bernardo,Perutto,0.45,0.65,0.45,0.65,220,0.55,   F
34633,Emmy,Pibsworth,0.33,0.65,0.33,0.65,196,0.49,   F
23813,Melisenda,Gaspar,0.44,0.78,0.44,0.78,244,0.61,   D-
35743,Gisela,Pittford,0.89,0.45,0.89,0.45,268,0.67,   D+
24946,Filippo,Causon,0.74,0.79,0.74,0.79,306,0.77,   C+
64689,Hilary,Baldelli,0.58,0.48,0.45,0.65,216,0.54,   F
91914,Melly,Gaish,0.45,0.69,0.55,0.72,241,0.6,   D-
37931,Rosmunda,Ebrall,0.49,0.66,0.59,0.78,252,0.63,   D
52474,Inigo,Charette,0.75,0.75,0.68,0.66,284,0.71,   C-
81634,La verne,Trowill,0.98,0.44,0.67,0.42,251,0.63,   D-
46748,Delcina,Prendergrast,0.65,0.45,0.65,0.55,230,0.58,   F
76430,Carolan,Cashell,0.65,0.54,0.65,0.54,238,0.6,   F
71873,Harriet,Gethins,0.48,0.86,0.48,0.86,268,0.67,   D+
29889,Biron,Moodie,0.86,0.45,0.86,0.45,262,0.66,   D
76483,Bale,Stamper,0.75,0.65,0.75,0.65,280,0.7,   C-
67385,Vergil,Moukes,0.45,0.49,0.45,0.56,195,0.49,   F
40917,Foster,Petru,0.32,0.52,0.32,0.52,168,0.42,   F
20238,Orin,Asaaf,0.45,0.63,0.45,0.63,216,0.54,   F
26506,Emmery,Janca,0.98,0.78,0.98,0.78,352,0.88,   B+
43105,Beltran,Leemans,1,0.85,1,0.85,370,0.93,   A-
70883,Vonni,Iskower,0.45,0.54,0.45,0.54,198,0.5,   F
69715,Leonidas,Matteucci,0.55,0.52,0.55,0.52,214,0.54,   F
20713,Ellette,Wyne,0.61,0.52,0.61,0.52,226,0.57,   F
96733,Odey,Casazza,0.78,0.71,0.78,0.71,298,0.75,   C
21135,Trixie,Vinter,0.68,0.84,0.68,0.84,304,0.76,   C+
29899,Reba,Zanardii,0.88,0.9,0.88,0.9,356,0.89,   B+
87578,Katlin,Jeandon,0.94,0.69,0.94,0.69,326,0.82,   B-
97846,Aubine,Galgey,0.89,0.75,0.89,0.75,328,0.82,   B-
54924,Mel,Battershall,0.55,0.43,0.55,0.43,196,0.49,   F
99572,Marga,Kuschek,0.45,0.65,0.45,0.65,220,0.55,   F
19255,Cassaundra,Justham,0.33,0.65,0.33,0.65,196,0.49,   F
15531,Kathy,Costy,0.44,0.78,0.44,0.78,244,0.61,   D-
40978,Kay,Furzey,0.89,0.45,0.89,0.45,268,0.67,   D+
91553,Patton,Ockenden,0.74,0.79,0.74,0.79,306,0.77,   C+
84920,Ly,Rego,0.58,0.48,0.45,0.65,216,0.54,   F
32788,Gisella,Davidek,0.45,0.69,0.55,0.72,241,0.6,   D-
57784,Kendrick,Charnock,0.49,0.66,0.59,0.78,252,0.63,   D
29767,Christopher,Moniker,0.75,0.75,0.68,0.66,284,0.71,   C-
10844,Noe,Grimsdale,0.98,0.44,0.67,0.42,251,0.63,   D-
86538,Wenonah,Chesworth,0.65,0.45,0.65,0.55,230,0.58,   F
92758,Rhona,Claye,0.65,0.54,0.65,0.54,238,0.6,   F
32588,Rockey,Foli,0.48,0.86,0.48,0.86,268,0.67,   D+
99865,Rex,Wixon,0.86,0.45,0.86,0.45,262,0.66,   D
16430,Geoffrey,Roullier,0.75,0.65,0.75,0.65,280,0.7,   C-
19972,Willey,Riepel,0.45,0.49,0.45,0.56,195,0.49,   F
35816,Guthrie,Gloster,0.32,0.52,0.32,0.52,168,0.42,   F
28865,Charlot,Kollas,0.45,0.63,0.45,0.63,216,0.54,   F
58671,Kenneth,Featherstone,0.98,0.78,0.98,0.78,352,0.88,   B+
74926,Langsdon,Yakolev,1,0.85,1,0.85,370,0.93,   A-
13031,Hillary,Donavan,0.45,0.54,0.45,0.54,198,0.5,   F
56461,Muffin,Faragher,0.55,0.52,0.55,0.52,214,0.54,   F
23634,Gratia,Caulwell,0.61,0.52,0.61,0.52,226,0.57,   F
82208,Emyle,Rois,0.78,0.71,0.78,0.71,298,0.75,   C
98741,Sigismond,Scotchforth,0.68,0.84,0.68,0.84,304,0.76,   C+
98789,Agathe,Harby,0.88,0.9,0.88,0.9,356,0.89,   B+
81779,Julio,Archell,0.94,0.69,0.94,0.69,326,0.82,   B-
91664,Jesus,Renner,0.89,0.75,0.89,0.75,328,0.82,   B-
46501,Osborn,Beals,0.55,0.43,0.55,0.43,196,0.49,   F
54845,Peadar,Orrett,0.45,0.65,0.45,0.65,220,0.55,   F
75943,Brandon,Iddens,0.33,0.65,0.33,0.65,196,0.49,   F
13154,Colette,Hall,0.44,0.78,0.44,0.78,244,0.61,   D-
53414,Frederick,Radford,0.89,0.45,0.89,0.45,268,0.67,   D+
36633,Cynthia,Deighan,0.74,0.79,0.74,0.79,306,0.77,   C+
94868,Madison,Tidgewell,0.58,0.48,0.45,0.65,216,0.54,   F
86774,Selestina,Lapsley,0.45,0.69,0.55,0.72,241,0.6,   D-
14431,Alvie,O'Gavin,0.49,0.66,0.59,0.78,252,0.63,   D
49743,Vaughn,Margarson,0.75,0.75,0.68,0.66,284,0.71,   C-
51835,Melisenda,Burnsides,0.98,0.44,0.67,0.42,251,0.63,   D-
43297,Aurore,Tomasian,0.65,0.45,0.65,0.55,230,0.58,   F
24744,Parrnell,Kaminski,0.65,0.54,0.65,0.54,238,0.6,   F
17868,Beatrix,Clemo,0.48,0.86,0.48,0.86,268,0.67,   D+
42723,Hugibert,James,0.86,0.45,0.86,0.45,262,0.66,   D
36121,Valle,Semon,0.75,0.65,0.75,0.65,280,0.7,   C-
29758,Kessia,Escritt,0.45,0.49,0.45,0.56,195,0.49,   F
88841,Esteban,Quinnell,0.32,0.52,0.32,0.52,168,0.42,   F
38984,Kaia,Varrow,0.45,0.63,0.45,0.63,216,0.54,   F
56454,Elisabet,Guthrie,0.98,0.78,0.98,0.78,352,0.88,   B+
78780,Callean,Turford,1,0.85,1,0.85,370,0.93,   A-
15230,Krisha,Jery,0.45,0.54,0.45,0.54,198,0.5,   F
30840,Jyoti,Corke,0.55,0.52,0.55,0.52,214,0.54,   F
72152,Danie,Farland,0.61,0.52,0.61,0.52,226,0.57,   F
54090,Leonerd,Glaysher,0.78,0.71,0.78,0.71,298,0.75,   C
18442,Rois,Shinner,0.68,0.84,0.68,0.84,304,0.76,   C+
66815,Saleem,Biasi,0.88,0.9,0.88,0.9,356,0.89,   B+
62300,Elayne,Meriott,0.94,0.69,0.94,0.69,326,0.82,   B-
62337,Hartwell,Iacovo,0.89,0.75,0.89,0.75,328,0.82,   B-
48878,Opaline,Thunders,0.55,0.43,0.55,0.43,196,0.49,   F
63644,Abbe,Heale,0.45,0.65,0.45,0.65,220,0.55,   F
59013,Henrie,Bryceson,0.33,0.65,0.33,0.65,196,0.49,   F
16489,Stormie,Keates,0.44,0.78,0.44,0.78,244,0.61,   D-
58408,Quentin,McGrey,0.89,0.45,0.89,0.45,268,0.67,   D+
90972,Ivor,Quipp,0.74,0.79,0.74,0.79,306,0.77,   C+
67680,Randi,Hawney,0.58,0.48,0.45,0.65,216,0.54,   F
67134,Roberta,Yeldon,0.45,0.69,0.55,0.72,241,0.6,   D-
99410,Lauritz,Connealy,0.49,0.66,0.59,0.78,252,0.63,   D
22566,Gretal,Collacombe,0.75,0.75,0.68,0.66,284,0.71,   C-
89857,Mirna,Deavall,0.98,0.44,0.67,0.42,251,0.63,   D-
28852,Noell,Dolman,0.65,0.45,0.65,0.55,230,0.58,   F
43550,Shaun,Arnason,0.65,0.54,0.65,0.54,238,0.6,   F
38883,Chickie,Bumpass,0.48,0.86,0.48,0.86,268,0.67,   D+
33526,Camey,Keefe,0.86,0.45,0.86,0.45,262,0.66,   D
94206,Ethelred,Vasyagin,0.75,0.65,0.75,0.65,280,0.7,   C-
49195,Weidar,Kann,0.45,0.49,0.45,0.56,195,0.49,   F
59043,Den,Jantel,0.32,0.52,0.32,0.52,168,0.42,   F
90369,Andee,Lamplugh,0.45,0.63,0.45,0.63,216,0.54,   F
87227,Whitaker,Brockie,0.98,0.78,0.98,0.78,352,0.88,   B+
61443,Hyacintha,Swayland,1,0.85,1,0.85,370,0.93,   A-
52896,Myles,Frossell,0.45,0.54,0.45,0.54,198,0.5,   F
38113,Torin,Gouck,0.55,0.52,0.55,0.52,214,0.54,   F
20230,Roderick,Fotheringham,0.61,0.52,0.61,0.52,226,0.57,   F
18168,Rainer,Pail,0.78,0.71,0.78,0.71,298,0.75,   C
97989,Teresita,Bicker,0.68,0.84,0.68,0.84,304,0.76,   C+
61008,Prudi,Pawlett,0.88,0.9,0.88,0.9,356,0.89,   B+
10668,Darby,Suett,0.94,0.69,0.94,0.69,326,0.82,   B-
29008,Alejoa,Shurrocks,0.89,0.75,0.89,0.75,328,0.82,   B-
13634,Heriberto,Feedome,0.55,0.43,0.55,0.43,196,0.49,   F
24859,Rhonda,Fenimore,0.45,0.65,0.45,0.65,220,0.55,   F
51061,Padraig,Sego,0.33,0.65,0.33,0.65,196,0.49,   F
64054,Blinny,Itzig,0.44,0.78,0.44,0.78,244,0.61,   D-
98941,Conni,Reany,0.89,0.45,0.89,0.45,268,0.67,   D+
44388,Pierce,Klimashevich,0.74,0.79,0.74,0.79,306,0.77,   C+
58817,Sharline,Strudwick,0.58,0.48,0.45,0.65,216,0.54,   F
47510,Dominique,Greiswood,0.45,0.69,0.55,0.72,241,0.6,   D-
86480,Davide,Rodell,0.49,0.66,0.59,0.78,252,0.63,   D
13849,Gabe,Staynes,0.75,0.75,0.68,0.66,284,0.71,   C-
63674,Leila,Whistan,0.98,0.44,0.67,0.42,251,0.63,   D-
96764,Hatti,Eyles,0.65,0.45,0.65,0.55,230,0.58,   F
13626,Port,Wesgate,0.65,0.54,0.65,0.54,238,0.6,   F
76028,Naoma,Hopfner,0.48,0.86,0.48,0.86,268,0.67,   D+
47500,Kelby,Ronisch,0.86,0.45,0.86,0.45,262,0.66,   D
51296,April,Crowder,0.75,0.65,0.75,0.65,280,0.7,   C-
40523,Petr,Ganny,0.45,0.49,0.45,0.56,195,0.49,   F
25942,Shari,Krikorian,0.32,0.52,0.32,0.52,168,0.42,   F
65674,Marje,Dennington,0.45,0.63,0.45,0.63,216,0.54,   F
10045,Emmery,Lorenzetto,0.98,0.78,0.98,0.78,352,0.88,   B+
90096,Casey,Eymer,1,0.85,1,0.85,370,0.93,   A-
65434,Bennie,Cobson,0.45,0.54,0.45,0.54,198,0.5,   F
28462,Ximenez,Bang,0.55,0.52,0.55,0.52,214,0.54,   F
19232,Tanhya,Goldsby,0.61,0.52,0.61,0.52,226,0.57,   F
36932,Rube,Mowat,0.78,0.71,0.78,0.71,298,0.75,   C
38848,Isaiah,Eberst,0.68,0.84,0.68,0.84,304,0.76,   C+
35915,Kellby,Grzeskowski,0.88,0.9,0.88,0.9,356,0.89,   B+
99429,Edsel,Fishpool,0.94,0.69,0.94,0.69,326,0.82,   B-
50479,Roger,Cunah,0.89,0.75,0.89,0.75,328,0.82,   B-
35558,Filberto,McElree,0.55,0.43,0.55,0.43,196,0.49,   F
18429,Aleece,Tick,0.45,0.65,0.45,0.65,220,0.55,   F
71128,Ofella,McClenan,0.33,0.65,0.33,0.65,196,0.49,   F
97202,Chelsae,Rimmer,0.44,0.78,0.44,0.78,244,0.61,   D-
11412,Galen,Longhi,0.89,0.45,0.89,0.45,268,0.67,   D+
59023,Torrence,Mobley,0.74,0.79,0.74,0.79,306,0.77,   C+
20881,Stillman,Arnaut,0.58,0.48,0.45,0.65,216,0.54,   F
63281,Starlin,Shurmer,0.45,0.69,0.55,0.72,241,0.6,   D-
20336,Kevan,Elwell,0.49,0.66,0.59,0.78,252,0.63,   D
10980,Horton,Yukhnini,0.75,0.75,0.68,0.66,284,0.71,   C-
30410,Dara,Ferrier,0.98,0.44,0.67,0.42,251,0.63,   D-
92540,Gianni,Rodder,0.65,0.45,0.65,0.55,230,0.58,   F
92222,Vite,Phethean,0.65,0.54,0.65,0.54,238,0.6,   F
39589,Erinna,Brotherhed,0.48,0.86,0.48,0.86,268,0.67,   D+
36407,Jacquenetta,Milesop,0.86,0.45,0.86,0.45,262,0.66,   D
94050,Brent,Cowlam,0.75,0.65,0.75,0.65,280,0.7,   C-
92953,Angil,Perillo,0.45,0.49,0.45,0.56,195,0.49,   F
45657,Lisle,Nugent,0.32,0.52,0.32,0.52,168,0.42,   F
16082,Maryrose,Schlagtmans,0.45,0.63,0.45,0.63,216,0.54,   F
27558,Clareta,Feldhorn,0.98,0.78,0.98,0.78,352,0.88,   B+
83625,Towny,Syce,1,0.85,1,0.85,370,0.93,   A-
27678,Dalli,Cottham,0.45,0.54,0.45,0.54,198,0.5,   F
49401,Hussein,Linnitt,0.55,0.52,0.55,0.52,214,0.54,   F
26793,Gayleen,Vardy,0.61,0.52,0.61,0.52,226,0.57,   F
92629,Dannie,Laimable,0.78,0.71,0.78,0.71,298,0.75,   C
46971,Zed,Spratling,0.68,0.84,0.68,0.84,304,0.76,   C+
30767,Jeremiah,Kohlerman,0.88,0.9,0.88,0.9,356,0.89,   B+
71072,Dietrich,Amys,0.94,0.69,0.94,0.69,326,0.82,   B-
24989,Heinrik,Kilfoyle,0.89,0.75,0.89,0.75,328,0.82,   B-
51111,Annadiane,Moakson,0.55,0.43,0.55,0.43,196,0.49,   F
92970,Linn,Crang,0.45,0.65,0.45,0.65,220,0.55,   F
98982,Saundra,Hansed,0.33,0.65,0.33,0.65,196,0.49,   F
49486,Karyl,Horburgh,0.44,0.78,0.44,0.78,244,0.61,   D-
74345,Barnabe,Monkhouse,0.89,0.45,0.89,0.45,268,0.67,   D+
59752,Meredeth,Greasley,0.74,0.79,0.74,0.79,306,0.77,   C+
39553,Pam,Crannage,0.58,0.48,0.45,0.65,216,0.54,   F
14356,Matty,Mussard,0.45,0.69,0.55,0.72,241,0.6,   D-
33589,Nessa,Norris,0.49,0.66,0.59,0.78,252,0.63,   D
77904,Alyce,Mewhirter,0.75,0.75,0.68,0.66,284,0.71,   C-
48807,Cecilio,Turneux,0.98,0.44,0.67,0.42,251,0.63,   D-
32195,Nona,Arunowicz,0.65,0.45,0.65,0.55,230,0.58,   F
60719,Stanislaw,Gilks,0.65,0.54,0.65,0.54,238,0.6,   F
34512,Kirby,Ridgway,0.48,0.86,0.48,0.86,268,0.67,   D+
78146,Hermina,Allard,0.86,0.45,0.86,0.45,262,0.66,   D
29193,Christie,Whyffen,0.75,0.65,0.75,0.65,280,0.7,   C-
39183,Melinde,Ogers,0.45,0.49,0.45,0.56,195,0.49,   F
61935,Cheri,O'Loghlen,0.32,0.52,0.32,0.52,168,0.42,   F
60964,Aida,Ashenhurst,0.45,0.63,0.45,0.63,216,0.54,   F
32252,Richmound,Davitashvili,0.98,0.78,0.98,0.78,352,0.88,   B+
12971,Angel,McEachern,1,0.85,1,0.85,370,0.93,   A-
37225,Stephannie,Cabrara,0.45,0.54,0.45,0.54,198,0.5,   F
17459,Ingrim,McNeillie,0.55,0.52,0.55,0.52,214,0.54,   F
84168,Noach,Wiggam,0.61,0.52,0.61,0.52,226,0.57,   F
26944,Errick,Charters,0.78,0.71,0.78,0.71,298,0.75,   C
36635,Winfred,Sextie,0.68,0.84,0.68,0.84,304,0.76,   C+
82150,Corenda,Sirr,0.88,0.9,0.88,0.9,356,0.89,   B+
75436,Katerina,Burnip,0.94,0.69,0.94,0.69,326,0.82,   B-
65448,Murdoch,Lewins,0.89,0.75,0.89,0.75,328,0.82,   B-
75542,Allard,Coveny,0.55,0.43,0.55,0.43,196,0.49,   F
60618,Fredi,De Courtney,0.45,0.65,0.45,0.65,220,0.55,   F
47424,Abbe,Sandars,0.33,0.65,0.33,0.65,196,0.49,   F
64369,Donn,Pietersma,0.44,0.78,0.44,0.78,244,0.61,   D-
22514,Aaron,Banford,0.89,0.45,0.89,0.45,268,0.67,   D+
57714,Elsworth,Jerzyk,0.74,0.79,0.74,0.79,306,0.77,   C+
28930,Robinson,Parrett,0.58,0.48,0.45,0.65,216,0.54,   F
69936,Steffi,Jacobssen,0.45,0.69,0.55,0.72,241,0.6,   D-
72555,Jenine,Haggata,0.49,0.66,0.59,0.78,252,0.63,   D
75179,Mellie,Glander,0.75,0.75,0.68,0.66,284,0.71,   C-
90111,Abbot,Heckney,0.98,0.44,0.67,0.42,251,0.63,   D-
79597,Celene,Hann,0.65,0.45,0.65,0.55,230,0.58,   F
80139,Maribelle,Darinton,0.65,0.54,0.65,0.54,238,0.6,   F
31285,Theodore,Titterrell,0.48,0.86,0.48,0.86,268,0.67,   D+
42826,Mortie,Darke,0.86,0.45,0.86,0.45,262,0.66,   D
90582,Dannel,Nockles,0.75,0.65,0.75,0.65,280,0.7,   C-
23782,Pierre,Kail,0.45,0.49,0.45,0.56,195,0.49,   F
12393,Nicolas,Jiri,0.32,0.52,0.32,0.52,168,0.42,   F
73543,Linell,Alexis,0.45,0.63,0.45,0.63,216,0.54,   F
45276,Cordi,Mackrell,0.98,0.78,0.98,0.78,352,0.88,   B+
78489,Moises,Gronou,1,0.85,1,0.85,370,0.93,   A-
98841,Sheffie,Manuello,0.45,0.54,0.45,0.54,198,0.5,   F
98792,Kelley,Glencross,0.55,0.52,0.55,0.52,214,0.54,   F
63771,Bran,Leatherborrow,0.61,0.52,0.61,0.52,226,0.57,   F
92329,Becky,Yellop,0.78,0.71,0.78,0.71,298,0.75,   C
25526,Hayward,Eagleton,0.68,0.84,0.68,0.84,304,0.76,   C+
67066,Cal,Hospital,0.88,0.9,0.88,0.9,356,0.89,   B+
25418,Georgie,Blant,0.94,0.69,0.94,0.69,326,0.82,   B-
52452,Ursulina,Mathys,0.89,0.75,0.89,0.75,328,0.82,   B-
77140,Zeb,Dulin,0.55,0.43,0.55,0.43,196,0.49,   F
52333,Reuben,Blaske,0.45,0.65,0.45,0.65,220,0.55,   F
47925,Martita,Merrifield,0.33,0.65,0.33,0.65,196,0.49,   F
20626,Abran,Gilogly,0.44,0.78,0.44,0.78,244,0.61,   D-
66669,Jeffie,Lethabridge,0.89,0.45,0.89,0.45,268,0.67,   D+
15434,Kyla,Gedge,0.74,0.79,0.74,0.79,306,0.77,   C+
25089,Wallas,Gammage,0.58,0.48,0.45,0.65,216,0.54,   F
44946,Rayshell,Soan,0.45,0.69,0.55,0.72,241,0.6,   D-
10022,Fabio,Catonne,0.49,0.66,0.59,0.78,252,0.63,   D
51730,Gaston,Lydiatt,0.75,0.75,0.68,0.66,284,0.71,   C-
16527,Garnet,Zecchini,0.98,0.44,0.67,0.42,251,0.63,   D-
90830,Alistair,Franzewitch,0.65,0.45,0.65,0.55,230,0.58,   F
58844,Brander,Golling,0.65,0.54,0.65,0.54,238,0.6,   F
58088,Cleon,Wycherley,0.48,0.86,0.48,0.86,268,0.67,   D+
31642,Zsa zsa,Akroyd,0.86,0.45,0.86,0.45,262,0.66,   D
53615,Eldin,Jados,0.75,0.65,0.75,0.65,280,0.7,   C-
85460,Tarrance,Shuxsmith,0.45,0.49,0.45,0.56,195,0.49,   F
95903,Edee,Tarling,0.32,0.52,0.32,0.52,168,0.42,   F
21857,Phylis,Hogbin,0.45,0.63,0.45,0.63,216,0.54,   F
65894,Hyman,Gorce,0.98,0.78,0.98,0.78,352,0.88,   B+
39266,Brigida,Ivakhnov,1,0.85,1,0.85,370,0.93,   A-
26018,Mufi,Bockett,0.45,0.54,0.45,0.54,198,0.5,   F
20222,Margie,Redmille,0.55,0.52,0.55,0.52,214,0.54,   F
97491,Rasla,Rochford,0.61,0.52,0.61,0.52,226,0.57,   F
87169,Redd,Bener,0.78,0.71,0.78,0.71,298,0.75,   C
31419,Almeta,Fellis,0.68,0.84,0.68,0.84,304,0.76,   C+
84486,Pru,Hotchkin,0.88,0.9,0.88,0.9,356,0.89,   B+
63758,Oates,Dugget,0.94,0.69,0.94,0.69,326,0.82,   B-
95268,Nancey,Rattrie,0.89,0.75,0.89,0.75,328,0.82,   B-
90051,Clarette,Stallion,0.55,0.43,0.55,0.43,196,0.49,   F
64246,Jesse,Kubczak,0.45,0.65,0.45,0.65,220,0.55,   F
74407,Nadiya,Antosch,0.33,0.65,0.33,0.65,196,0.49,   F
89531,Consuela,Leaning,0.44,0.78,0.44,0.78,244,0.61,   D-
12432,Kearney,Bleas,0.89,0.45,0.89,0.45,268,0.67,   D+
62449,Hermon,Leeson,0.74,0.79,0.74,0.79,306,0.77,   C+
67126,Quintin,Sawkins,0.58,0.48,0.45,0.65,216,0.54,   F
74696,Nate,Headland,0.45,0.69,0.55,0.72,241,0.6,   D-
49698,Donavon,Salsberg,0.49,0.66,0.59,0.78,252,0.63,   D
47857,Chevy,Eves,0.75,0.75,0.68,0.66,284,0.71,   C-
89323,Padriac,Georger,0.98,0.44,0.67,0.42,251,0.63,   D-
60885,Jammal,Grigor,0.65,0.45,0.65,0.55,230,0.58,   F
73375,Maude,Grastye,0.65,0.54,0.65,0.54,238,0.6,   F
67338,Terry,Dinis,0.48,0.86,0.48,0.86,268,0.67,   D+
73801,Josi,Chapell,0.86,0.45,0.86,0.45,262,0.66,   D
14262,Marleen,Carley,0.75,0.65,0.75,0.65,280,0.7,   C-
62881,Shani,Fortnam,0.45,0.49,0.45,0.56,195,0.49,   F
33729,Worthington,Barabisch,0.32,0.52,0.32,0.52,168,0.42,   F
53918,Annelise,Mablestone,0.45,0.63,0.45,0.63,216,0.54,   F
88738,Conrad,Bonhill,0.98,0.78,0.98,0.78,352,0.88,   B+
16621,Andrei,Gorringe,1,0.85,1,0.85,370,0.93,   A-
80403,Wadsworth,Hiskey,0.45,0.54,0.45,0.54,198,0.5,   F
12928,Connor,Hanlin,0.55,0.52,0.55,0.52,214,0.54,   F
33944,Rockey,Ashfield,0.61,0.52,0.61,0.52,226,0.57,   F
57530,Pandora,Lanegran,0.78,0.71,0.78,0.71,298,0.75,   C
93032,Gayelord,Gai,0.68,0.84,0.68,0.84,304,0.76,   C+
37509,Jerrie,Aberdeen,0.88,0.9,0.88,0.9,356,0.89,   B+
11423,Jarret,Damiata,0.94,0.69,0.94,0.69,326,0.82,   B-
73619,Inness,Santhouse,0.89,0.75,0.89,0.75,328,0.82,   B-
64594,Valery,Durtnal,0.55,0.43,0.55,0.43,196,0.49,   F
41990,Sammy,Prest,0.45,0.65,0.45,0.65,220,0.55,   F
73748,Gennifer,Crux,0.33,0.65,0.33,0.65,196,0.49,   F
54701,Charmain,Mellonby,0.44,0.78,0.44,0.78,244,0.61,   D-
17504,Ansell,Brim,0.89,0.45,0.89,0.45,268,0.67,   D+
39020,Hedi,Iredell,0.74,0.79,0.74,0.79,306,0.77,   C+
93431,Berke,Hurley,0.58,0.48,0.45,0.65,216,0.54,   F
75575,Boycie,Massy,0.45,0.69,0.55,0.72,241,0.6,   D-
12912,Hesther,Mattiato,0.49,0.66,0.59,0.78,252,0.63,   D
92007,Pren,Dorin,0.75,0.75,0.68,0.66,284,0.71,   C-
68754,Katrina,Badsworth,0.98,0.44,0.67,0.42,251,0.63,   D-
66469,Marsha,Deluce,0.65,0.45,0.65,0.55,230,0.58,   F
39216,Angelina,Islep,0.65,0.54,0.65,0.54,238,0.6,   F
83205,Virgie,Cathel,0.48,0.86,0.48,0.86,268,0.67,   D+
49374,Correy,Kender,0.86,0.45,0.86,0.45,262,0.66,   D
72102,Brendin,Libermore,0.75,0.65,0.75,0.65,280,0.7,   C-
49281,Adams,Dunn,0.45,0.49,0.45,0.56,195,0.49,   F
82630,Larry,Brockelsby,0.32,0.52,0.32,0.52,168,0.42,   F
36918,Kanya,Bontein,0.45,0.63,0.45,0.63,216,0.54,   F
62777,Morrie,Verman,0.98,0.78,0.98,0.78,352,0.88,   B+
33927,Sibeal,Wybrew,1,0.85,1,0.85,370,0.93,   A-
89739,Batsheva,Dornin,0.45,0.54,0.45,0.54,198,0.5,   F
34646,Wake,Meachem,0.55,0.52,0.55,0.52,214,0.54,   F
80187,York,Culbert,0.61,0.52,0.61,0.52,226,0.57,   F
55554,Harley,Maisey,0.78,0.71,0.78,0.71,298,0.75,   C
24546,Kimberly,Tarborn,0.68,0.84,0.68,0.84,304,0.76,   C+
61755,Hertha,Riggoll,0.88,0.9,0.88,0.9,356,0.89,   B+
52771,Konstantine,Stanworth,0.94,0.69,0.94,0.69,326,0.82,   B-
96193,Enriqueta,Breznovic,0.89,0.75,0.89,0.75,328,0.82,   B-
50146,Loise,Wittier,0.55,0.43,0.55,0.43,196,0.49,   F
73952,Bernardo,Chaldecott,0.45,0.65,0.45,0.65,220,0.55,   F
95017,Michael,Brabyn,0.33,0.65,0.33,0.65,196,0.49,   F
23762,Linell,Dunseith,0.44,0.78,0.44,0.78,244,0.61,   D-
48604,Konstance,O'Grada,0.89,0.45,0.89,0.45,268,0.67,   D+
46091,Georgie,Bendson,0.74,0.79,0.74,0.79,306,0.77,   C+
47799,Kit,Dudson,0.58,0.48,0.45,0.65,216,0.54,   F
38734,Rupert,Cragell,0.45,0.69,0.55,0.72,241,0.6,   D-
96110,Poul,Kuzma,0.49,0.66,0.59,0.78,252,0.63,   D
36674,Warde,Riepl,0.75,0.75,0.68,0.66,284,0.71,   C-
90716,Mannie,Chrystie,0.98,0.44,0.67,0.42,251,0.63,   D-
16611,Rossie,Palfrey,0.65,0.45,0.65,0.55,230,0.58,   F
26203,Phebe,Domerq,0.65,0.54,0.65,0.54,238,0.6,   F
97610,Milli,Gamlin,0.48,0.86,0.48,0.86,268,0.67,   D+
10019,Quinton,Gunning,0.86,0.45,0.86,0.45,262,0.66,   D
32910,Lusa,Streeten,0.75,0.65,0.75,0.65,280,0.7,   C-
21177,Evaleen,Gormally,0.45,0.49,0.45,0.56,195,0.49,   F
26281,Terry,Walentynowicz,0.32,0.52,0.32,0.52,168,0.42,   F
25567,Pauletta,Ivanitsa,0.45,0.63,0.45,0.63,216,0.54,   F
85053,Rochester,Astridge,0.98,0.78,0.98,0.78,352,0.88,   B+
50522,Bradan,Vondracek,1,0.85,1,0.85,370,0.93,   A-
45761,Viki,Owtram,0.45,0.54,0.45,0.54,198,0.5,   F
70327,Claire,Riggey,0.55,0.52,0.55,0.52,214,0.54,   F
64698,Aurea,Longea,0.61,0.52,0.61,0.52,226,0.57,   F
71723,Paton,Quinton,0.78,0.71,0.78,0.71,298,0.75,   C
56672,Humberto,Elson,0.68,0.84,0.68,0.84,304,0.76,   C+
24490,Dulciana,Crecy,0.88,0.9,0.88,0.9,356,0.89,   B+
90674,Mervin,Liveley,0.94,0.69,0.94,0.69,326,0.82,   B-
26691,Russ,Ramme,0.89,0.75,0.89,0.75,328,0.82,   B-
18766,Elinor,Giacomozzo,0.55,0.43,0.55,0.43,196,0.49,   F
96633,Lorraine,Tomowicz,0.45,0.65,0.45,0.65,220,0.55,   F
50655,Nero,Lechelle,0.33,0.65,0.33,0.65,196,0.49,   F
90515,Pen,Lory,0.44,0.78,0.44,0.78,244,0.61,   D-
54849,Alis,Breeder,0.89,0.45,0.89,0.45,268,0.67,   D+
20199,Gerrie,McCrostie,0.74,0.79,0.74,0.79,306,0.77,   C+
76284,Boot,Leynton,0.58,0.48,0.45,0.65,216,0.54,   F
93212,Trenton,Figgs,0.45,0.69,0.55,0.72,241,0.6,   D-
62807,Lewiss,Ailward,0.49,0.66,0.59,0.78,252,0.63,   D
93080,Maryanna,Whiles,0.75,0.75,0.68,0.66,284,0.71,   C-
32523,Christian,Dumigan,0.98,0.44,0.67,0.42,251,0.63,   D-
45745,Maxi,Bloodworth,0.65,0.45,0.65,0.55,230,0.58,   F
36149,Rutherford,Allanson,0.65,0.54,0.65,0.54,238,0.6,   F
62749,Carly,Clilverd,0.48,0.86,0.48,0.86,268,0.67,   D+
28982,Anet,O'Towey,0.86,0.45,0.86,0.45,262,0.66,   D
96182,Kelsey,Targe,0.75,0.65,0.75,0.65,280,0.7,   C-
84525,Fleur,Blaber,0.45,0.49,0.45,0.56,195,0.49,   F
34875,Zachery,Webermann,0.32,0.52,0.32,0.52,168,0.42,   F
97717,Kylila,Pumphreys,0.45,0.63,0.45,0.63,216,0.54,   F
13425,Nonnah,McKeggie,0.98,0.78,0.98,0.78,352,0.88,   B+
47776,Pippy,Lambourne,1,0.85,1,0.85,370,0.93,   A-
47493,Fidel,Mannix,0.45,0.54,0.45,0.54,198,0.5,   F
97582,Merralee,Trenouth,0.55,0.52,0.55,0.52,214,0.54,   F
59610,Marrissa,Gooddy,0.61,0.52,0.61,0.52,226,0.57,   F
36471,Bryant,Swatheridge,0.78,0.71,0.78,0.71,298,0.75,   C
91920,Estell,Werrilow,0.68,0.84,0.68,0.84,304,0.76,   C+
32608,Taite,Gamage,0.88,0.9,0.88,0.9,356,0.89,   B+
25293,Sigmund,Gillani,0.94,0.69,0.94,0.69,326,0.82,   B-
77509,Wenona,Moody,0.89,0.75,0.89,0.75,328,0.82,   B-
62589,Cordy,Blurton,0.55,0.43,0.55,0.43,196,0.49,   F
15000,Alexa,Iorns,0.45,0.65,0.45,0.65,220,0.55,   F
43159,Alexis,Spitaro,0.33,0.65,0.33,0.65,196,0.49,   F
34006,Wernher,Beville,0.44,0.78,0.44,0.78,244,0.61,   D-
44547,Danya,Rossin,0.89,0.45,0.89,0.45,268,0.67,   D+
61420,Udall,Chrystal,0.74,0.79,0.74,0.79,306,0.77,   C+
65948,Elvis,Holdren,0.58,0.48,0.45,0.65,216,0.54,   F
68752,Isa,Levins,0.45,0.69,0.55,0.72,241,0.6,   D-
18945,Jule,Bartaloni,0.49,0.66,0.59,0.78,252,0.63,   D
19319,Randie,Kirsop,0.75,0.75,0.68,0.66,284,0.71,   C-
45317,Herc,Kitchinham,0.98,0.44,0.67,0.42,251,0.63,   D-
63066,Salomone,Spottiswoode,0.65,0.45,0.65,0.55,230,0.58,   F
93647,Duncan,Kivlehan,0.65,0.54,0.65,0.54,238,0.6,   F
86558,Nonah,Tolomei,0.48,0.86,0.48,0.86,268,0.67,   D+
21567,Lishe,Kinchlea,0.86,0.45,0.86,0.45,262,0.66,   D
19581,Dominic,Petrashov,0.75,0.65,0.75,0.65,280,0.7,   C-
32537,Eduino,Fenlon,0.45,0.49,0.45,0.56,195,0.49,   F
53866,Marsha,Wickey,0.32,0.52,0.32,0.52,168,0.42,   F
39337,Sharai,Lyvon,0.45,0.63,0.45,0.63,216,0.54,   F
91953,Gustavo,Westgarth,0.98,0.78,0.98,0.78,352,0.88,   B+
63785,Vilhelmina,Melbert,1,0.85,1,0.85,370,0.93,   A-
16899,Danette,Chateau,0.45,0.54,0.45,0.54,198,0.5,   F
54669,Simon,Annetts,0.55,0.52,0.55,0.52,214,0.54,   F
18111,Max,Dudliston,0.61,0.52,0.61,0.52,226,0.57,   F
88492,Maddy,Bolding,0.78,0.71,0.78,0.71,298,0.75,   C
79891,Lennie,Fryatt,0.68,0.84,0.68,0.84,304,0.76,   C+
91470,Peadar,Trevethan,0.88,0.9,0.88,0.9,356,0.89,   B+
70152,Pietrek,Ferrero,0.94,0.69,0.94,0.69,326,0.82,   B-
31382,Winifred,Dumphrey,0.89,0.75,0.89,0.75,328,0.82,   B-
66416,Gertrude,Breedy,0.55,0.43,0.55,0.43,196,0.49,   F
83860,Jenni,Everleigh,0.45,0.65,0.45,0.65,220,0.55,   F
43087,Brnaba,Snoxall,0.33,0.65,0.33,0.65,196,0.49,   F
90505,Connie,Stannard,0.44,0.78,0.44,0.78,244,0.61,   D-
82162,Lanette,Sangra,0.89,0.45,0.89,0.45,268,0.67,   D+
65340,Celka,Kordas,0.74,0.79,0.74,0.79,306,0.77,   C+
84318,Neddy,Dougary,0.58,0.48,0.45,0.65,216,0.54,   F
12585,Clarance,Klugel,0.45,0.69,0.55,0.72,241,0.6,   D-
80201,Gayle,Bartoletti,0.49,0.66,0.59,0.78,252,0.63,   D
15361,Rosalia,Free,0.75,0.75,0.68,0.66,284,0.71,   C-
99797,Farleigh,Wellington,0.98,0.44,0.67,0.42,251,0.63,   D-
86351,Wyatt,Thaw,0.65,0.45,0.65,0.55,230,0.58,   F
82606,Ann-marie,Lester,0.65,0.54,0.65,0.54,238,0.6,   F
35853,Corenda,Poli,0.48,0.86,0.48,0.86,268,0.67,   D+
92482,Nicholle,Phear,0.86,0.45,0.86,0.45,262,0.66,   D
75805,Oswald,McGiff,0.75,0.65,0.75,0.65,280,0.7,   C-
67289,Granny,Titta,0.45,0.49,0.45,0.56,195,0.49,   F
93719,Flora,Mantrup,0.32,0.52,0.32,0.52,168,0.42,   F
91955,Teresina,Elgar,0.45,0.63,0.45,0.63,216,0.54,   F
55436,Marillin,Aviss,0.98,0.78,0.98,0.78,352,0.88,   B+
71784,Cami,Ledekker,1,0.85,1,0.85,370,0.93,   A-
97608,Ailbert,Abramski,0.45,0.54,0.45,0.54,198,0.5,   F
67579,Del,Yosifov,0.55,0.52,0.55,0.52,214,0.54,   F
83536,Duffy,Forge,0.61,0.52,0.61,0.52,226,0.57,   F
12287,Phyllis,Streeter,0.78,0.71,0.78,0.71,298,0.75,   C
50187,Waylin,Capnor,0.68,0.84,0.68,0.84,304,0.76,   C+
68654,Katharine,Bacup,0.88,0.9,0.88,0.9,356,0.89,   B+
93715,Aryn,Coop,0.94,0.69,0.94,0.69,326,0.82,   B-
44941,Errick,Bemand,0.89,0.75,0.89,0.75,328,0.82,   B-
81588,Audi,Gasking,0.55,0.43,0.55,0.43,196,0.49,   F
96945,Cristabel,Wythill,0.45,0.65,0.45,0.65,220,0.55,   F
51695,Rustie,Regan,0.33,0.65,0.33,0.65,196,0.49,   F
58673,Adella,Thonason,0.44,0.78,0.44,0.78,244,0.61,   D-
80651,Bryn,Snedker,0.89,0.45,0.89,0.45,268,0.67,   D+
93651,Dona,McChruiter,0.74,0.79,0.74,0.79,306,0.77,   C+
26063,Weidar,Telford,0.58,0.48,0.45,0.65,216,0.54,   F
18167,Barb,Barraclough,0.45,0.69,0.55,0.72,241,0.6,   D-
60796,Gale,Abdey,0.49,0.66,0.59,0.78,252,0.63,   D
24839,Stevana,Lamplough,0.75,0.75,0.68,0.66,284,0.71,   C-
20966,Aylmer,Conklin,0.98,0.44,0.67,0.42,251,0.63,   D-
22257,Jennica,Phillipson,0.65,0.45,0.65,0.55,230,0.58,   F
43473,Alwyn,Busk,0.65,0.54,0.65,0.54,238,0.6,   F
60503,Jacquelyn,Ketteringham,0.48,0.86,0.48,0.86,268,0.67,   D+
15980,Gwenore,Waith,0.86,0.45,0.86,0.45,262,0.66,   D
26142,Guy,Pelling,0.75,0.65,0.75,0.65,280,0.7,   C-
43161,Chanda,Poore,0.45,0.49,0.45,0.56,195,0.49,   F
74491,Max,Tripett,0.32,0.52,0.32,0.52,168,0.42,   F
43015,Aldrich,Wraggs,0.45,0.63,0.45,0.63,216,0.54,   F
76205,Trever,Gimert,0.98,0.78,0.98,0.78,352,0.88,   B+
25720,Rochester,Suggett,1,0.85,1,0.85,370,0.93,   A-
47247,Lloyd,Kibblewhite,0.45,0.54,0.45,0.54,198,0.5,   F
33591,Reeba,Leathem,0.55,0.52,0.55,0.52,214,0.54,   F
97631,Travus,Piffe,0.61,0.52,0.61,0.52,226,0.57,   F
15032,Darryl,Inworth,0.78,0.71,0.78,0.71,298,0.75,   C
63348,Barbie,Feldberger,0.68,0.84,0.68,0.84,304,0.76,   C+
31312,Jackelyn,Blagden,0.88,0.9,0.88,0.9,356,0.89,   B+
38435,Nowell,Coney,0.94,0.69,0.94,0.69,326,0.82,   B-
79466,Lilias,Ewbanke,0.89,0.75,0.89,0.75,328,0.82,   B-
97742,Ferdie,Sanger,0.55,0.43,0.55,0.43,196,0.49,   F
28856,El,Quirke,0.45,0.65,0.45,0.65,220,0.55,   F
36737,Woodrow,Abbet,0.33,0.65,0.33,0.65,196,0.49,   F
83940,Rudie,Osan,0.44,0.78,0.44,0.78,244,0.61,   D-
66950,Natasha,Cansfield,0.89,0.45,0.89,0.45,268,0.67,   D+
22394,Shannah,Van Dijk,0.74,0.79,0.74,0.79,306,0.77,   C+
29670,Fremont,Fairfoull,0.58,0.48,0.45,0.65,216,0.54,   F
25288,Far,McMichael,0.45,0.69,0.55,0.72,241,0.6,   D-
18865,Salmon,Florence,0.49,0.66,0.59,0.78,252,0.63,   D
59663,Katina,Langmuir,0.75,0.75,0.68,0.66,284,0.71,   C-
10639,Gabi,McGaugey,0.98,0.44,0.67,0.42,251,0.63,   D-
65090,Hillary,Giraldo,0.65,0.45,0.65,0.55,230,0.58,   F
28150,Harry,Bussens,0.65,0.54,0.65,0.54,238,0.6,   F
67120,Elia,Trinkwon,0.48,0.86,0.48,0.86,268,0.67,   D+
73636,Murdock,Glenfield,0.86,0.45,0.86,0.45,262,0.66,   D
68704,Cary,Ballham,0.75,0.65,0.75,0.65,280,0.7,   C-
11307,Andrea,Taunton,0.45,0.49,0.45,0.56,195,0.49,   F
24681,Eal,M'Chirrie,0.32,0.52,0.32,0.52,168,0.42,   F
51275,Delcine,Puddle,0.45,0.63,0.45,0.63,216,0.54,   F
95780,Link,Olexa,0.98,0.78,0.98,0.78,352,0.88,   B+
39182,Sky,Gaynsford,1,0.85,1,0.85,370,0.93,   A-
23258,Adelaide,Savil,0.45,0.54,0.45,0.54,198,0.5,   F
92266,Jyoti,Girdlestone,0.55,0.52,0.55,0.52,214,0.54,   F
96946,Regan,Broke,0.61,0.52,0.61,0.52,226,0.57,   F
25184,Guenevere,Walkling,0.78,0.71,0.78,0.71,298,0.75,   C
22105,Gawen,Gerber,0.68,0.84,0.68,0.84,304,0.76,   C+
27474,Deeann,Ayllett,0.88,0.9,0.88,0.9,356,0.89,   B+
31577,Malissa,Shanley,0.94,0.69,0.94,0.69,326,0.82,   B-
79183,Tricia,Emberton,0.89,0.75,0.89,0.75,328,0.82,   B-
26635,Colleen,Grisdale,0.55,0.43,0.55,0.43,196,0.49,   F
13132,Kissee,Rosen,0.45,0.65,0.45,0.65,220,0.55,   F
21613,Elise,Evitts,0.33,0.65,0.33,0.65,196,0.49,   F
44887,Eddy,Bartoszinski,0.44,0.78,0.44,0.78,244,0.61,   D-
38976,Irina,Carlsson,0.89,0.45,0.89,0.45,268,0.67,   D+
39425,Reynard,Andrea,0.74,0.79,0.74,0.79,306,0.77,   C+
59935,Dion,Duetschens,0.58,0.48,0.45,0.65,216,0.54,   F
40408,Alphonse,Cure,0.45,0.69,0.55,0.72,241,0.6,   D-
36813,Maximo,Liddel,0.49,0.66,0.59,0.78,252,0.63,   D
25572,Ruprecht,Draxford,0.75,0.75,0.68,0.66,284,0.71,   C-
30133,Archibold,Rowbottam,0.98,0.44,0.67,0.42,251,0.63,   D-
37395,Baxter,Leathley,0.65,0.45,0.65,0.55,230,0.58,   F
45493,Jamil,McGing,0.65,0.54,0.65,0.54,238,0.6,   F
97992,Noemi,Tourot,0.48,0.86,0.48,0.86,268,0.67,   D+
77449,Nehemiah,Seymark,0.86,0.45,0.86,0.45,262,0.66,   D
32834,Bambi,Winterbotham,0.75,0.65,0.75,0.65,280,0.7,   C-
35932,Lynde,Ducker,0.45,0.49,0.45,0.56,195,0.49,   F
41002,Kevan,Strike,0.32,0.52,0.32,0.52,168,0.42,   F
50579,Reagen,Crush,0.45,0.63,0.45,0.63,216,0.54,   F
89843,Matthiew,Pettegre,0.98,0.78,0.98,0.78,352,0.88,   B+
49500,Amata,Jenson,1,0.85,1,0.85,370,0.93,   A-
48563,Briana,McPake,0.45,0.54,0.45,0.54,198,0.5,   F
51110,Raddie,Tansley,0.55,0.52,0.55,0.52,214,0.54,   F
79429,Cindelyn,Rhodes,0.61,0.52,0.61,0.52,226,0.57,   F
72184,Jone,Wrefford,0.78,0.71,0.78,0.71,298,0.75,   C
27368,Malina,Gilmour,0.68,0.84,0.68,0.84,304,0.76,   C+
21922,Ignaz,Readman,0.88,0.9,0.88,0.9,356,0.89,   B+
92704,Mordy,Becraft,0.94,0.69,0.94,0.69,326,0.82,   B-
65610,Isidora,Miroy,0.89,0.75,0.89,0.75,328,0.82,   B-
24796,Nancey,Simmings,0.55,0.43,0.55,0.43,196,0.49,   F
30197,Axel,Pooley,0.45,0.65,0.45,0.65,220,0.55,   F
66513,Lucio,Bernolet,0.33,0.65,0.33,0.65,196,0.49,   F
16260,Julius,O'Scollee,0.44,0.78,0.44,0.78,244,0.61,   D-
84548,Kevina,Potte,0.89,0.45,0.89,0.45,268,0.67,   D+
62898,Blakelee,Stadden,0.74,0.79,0.74,0.79,306,0.77,   C+
87911,Karlie,Rzehor,0.58,0.48,0.45,0.65,216,0.54,   F
85102,Zeb,Greim,0.45,0.69,0.55,0.72,241,0.6,   D-
35199,Laurence,Treske,0.49,0.66,0.59,0.78,252,0.63,   D
74897,Meghan,Lightbourne,0.75,0.75,0.68,0.66,284,0.71,   C-
92317,Rosemary,Tummasutti,0.98,0.44,0.67,0.42,251,0.63,   D-
66907,Maxi,Garcia,0.65,0.45,0.65,0.55,230,0.58,   F
91807,Paola,Argrave,0.65,0.54,0.65,0.54,238,0.6,   F
31025,Turner,Morcomb,0.48,0.86,0.48,0.86,268,0.67,   D+
47015,Ely,Varne,0.86,0.45,0.86,0.45,262,0.66,   D
88599,Wynn,Vaudre,0.75,0.65,0.75,0.65,280,0.7,   C-
49425,Angil,Mollin,0.45,0.49,0.45,0.56,195,0.49,   F
83201,Ola,Vinick,0.32,0.52,0.32,0.52,168,0.42,   F
26171,Catarina,McCullum,0.45,0.63,0.45,0.63,216,0.54,   F
57332,Cathlene,Boothe,0.98,0.78,0.98,0.78,352,0.88,   B+
23219,Goddard,Glassborow,1,0.85,1,0.85,370,0.93,   A-
20537,Saw,Korous,0.45,0.54,0.45,0.54,198,0.5,   F
45446,Jelene,Denecamp,0.55,0.52,0.55,0.52,214,0.54,   F
61388,Diane,Bantham,0.61,0.52,0.61,0.52,226,0.57,   F
56309,Shannon,Hinckes,0.78,0.71,0.78,0.71,298,0.75,   C
58396,Aldous,Meric,0.68,0.84,0.68,0.84,304,0.76,   C+
85393,Gonzales,Sapir,0.88,0.9,0.88,0.9,356,0.89,   B+
68001,Clovis,Cunniam,0.94,0.69,0.94,0.69,326,0.82,   B-
59332,Clotilda,Gimbart,0.89,0.75,0.89,0.75,328,0.82,   B-
38964,Meagan,Shrimplin,0.55,0.43,0.55,0.43,196,0.49,   F
36237,Cilka,McVanamy,0.45,0.65,0.45,0.65,220,0.55,   F
61820,Ricoriki,Woodage,0.33,0.65,0.33,0.65,196,0.49,   F
27993,Rianon,Gjerde,0.44,0.78,0.44,0.78,244,0.61,   D-
51861,Catherine,Benner,0.89,0.45,0.89,0.45,268,0.67,   D+
30945,Sallee,Tewkesbury.,0.74,0.79,0.74,0.79,306,0.77,   C+
53881,Layla,Ciccarello,0.58,0.48,0.45,0.65,216,0.54,   F
26432,Uriah,Wigfall,0.45,0.69,0.55,0.72,241,0.6,   D-
30079,Farleigh,Thurstan,0.49,0.66,0.59,0.78,252,0.63,   D
49288,Dacey,Drohun,0.75,0.75,0.68,0.66,284,0.71,   C-
32464,Clerkclaude,Bigg,0.98,0.44,0.67,0.42,251,0.63,   D-
44622,Dylan,Goligher,0.65,0.45,0.65,0.55,230,0.58,   F
51839,Mauricio,Cromie,0.65,0.54,0.65,0.54,238,0.6,   F
53369,Gifford,Mc Mechan,0.48,0.86,0.48,0.86,268,0.67,   D+
51244,Ginnifer,Vyvyan,0.86,0.45,0.86,0.45,262,0.66,   D
47058,Chen,Dumbleton,0.75,0.65,0.75,0.65,280,0.7,   C-
61777,Reinold,Whissell,0.45,0.49,0.45,0.56,195,0.49,   F
51837,Shelby,Sambals,0.32,0.52,0.32,0.52,168,0.42,   F
44940,Dolorita,Baugh,0.45,0.63,0.45,0.63,216,0.54,   F
51812,Roderigo,Dagnan,0.98,0.78,0.98,0.78,352,0.88,   B+
39718,Grace,Moodey,1,0.85,1,0.85,370,0.93,   A-
48993,Lauritz,Gaven,0.45,0.54,0.45,0.54,198,0.5,   F
32896,Corrine,Roberts,0.55,0.52,0.55,0.52,214,0.54,   F
46010,Desmund,Fenemore,0.61,0.52,0.61,0.52,226,0.57,   F
60675,Gerianna,Cromett,0.78,0.71,0.78,0.71,298,0.75,   C
61892,Obie,Roggerone,0.68,0.84,0.68,0.84,304,0.76,   C+
57771,Deedee,Fernehough,0.88,0.9,0.88,0.9,356,0.89,   B+
59121,Beau,Pemberton,0.94,0.69,0.94,0.69,326,0.82,   B-
38440,Kendricks,Skilling,0.89,0.75,0.89,0.75,328,0.82,   B-
44895,Denice,Ahmed,0.55,0.43,0.55,0.43,196,0.49,   F
67443,Lesly,Crowcroft,0.45,0.65,0.45,0.65,220,0.55,   F
28683,Reinaldo,St. Queintain,0.33,0.65,0.33,0.65,196,0.49,   F
42397,Abagael,Wasmer,0.44,0.78,0.44,0.78,244,0.61,   D-
45749,Caren,Dowsett,0.89,0.45,0.89,0.45,268,0.67,   D+
51938,Henderson,Comrie,0.74,0.79,0.74,0.79,306,0.77,   C+
58255,Edgardo,Simond,0.58,0.48,0.45,0.65,216,0.54,   F
45424,Edithe,Carncross,0.45,0.69,0.55,0.72,241,0.6,   D-
37930,Shelbi,Machin,0.49,0.66,0.59,0.78,252,0.63,   D
31551,Cherie,Gooderick,0.75,0.75,0.68,0.66,284,0.71,   C-
46918,Kare,Zimmermanns,0.98,0.44,0.67,0.42,251,0.63,   D-
46218,Skipper,Dederick,0.65,0.45,0.65,0.55,230,0.58,   F
32310,Felice,Oloshkin,0.65,0.54,0.65,0.54,238,0.6,   F
49156,Renado,Brushneen,0.48,0.86,0.48,0.86,268,0.67,   D+
37639,Howard,Destouche,0.86,0.45,0.86,0.45,262,0.66,   D
29912,Westleigh,Lucian,0.75,0.65,0.75,0.65,280,0.7,   C-
56406,Sada,Cockings,0.45,0.49,0.45,0.56,195,0.49,   F
30154,Gordie,Daunter,0.32,0.52,0.32,0.52,168,0.42,   F
57420,Sancho,Dobrowolny,0.45,0.63,0.45,0.63,216,0.54,   F
64017,Rikki,Carne,0.98,0.78,0.98,0.78,352,0.88,   B+
51764,Norris,Neal,1,0.85,1,0.85,370,0.93,   A-
42580,Dilly,Biggadyke,0.45,0.54,0.45,0.54,198,0.5,   F
44409,Mitchell,Pescud,0.55,0.52,0.55,0.52,214,0.54,   F
48638,Amie,Waldrum,0.61,0.52,0.61,0.52,226,0.57,   F
46925,Milo,Devas,0.78,0.71,0.78,0.71,298,0.75,   C
39691,Odey,Epinoy,0.68,0.84,0.68,0.84,304,0.76,   C+
43614,Paquito,Mallinder,0.88,0.9,0.88,0.9,356,0.89,   B+
61051,Tamara,Munnings,0.94,0.69,0.94,0.69,326,0.82,   B-
28955,Aldous,Coare,0.89,0.75,0.89,0.75,328,0.82,   B-
37743,Felicio,Maidment,0.55,0.43,0.55,0.43,196,0.49,   F
29619,Parrnell,Lurner,0.45,0.65,0.45,0.65,220,0.55,   F
60723,Andriana,Gingold,0.33,0.65,0.33,0.65,196,0.49,   F
64698,Claudian,Burree,0.44,0.78,0.44,0.78,244,0.61,   D-
62687,Weidar,Ariss,0.89,0.45,0.89,0.45,268,0.67,   D+
53154,Mellisent,Selborne,0.74,0.79,0.74,0.79,306,0.77,   C+
62496,Bess,Patters,0.58,0.48,0.45,0.65,216,0.54,   F
47411,Amy,Ottawell,0.45,0.69,0.55,0.72,241,0.6,   D-
52488,Nicole,Calderwood,0.49,0.66,0.59,0.78,252,0.63,   D
57029,Laraine,Dudding,0.75,0.75,0.68,0.66,284,0.71,   C-
33153,Sancho,Week,0.98,0.44,0.67,0.42,251,0.63,   D-
33115,Elliot,Eberdt,0.65,0.45,0.65,0.55,230,0.58,   F
51421,Frederic,Reame,0.65,0.54,0.65,0.54,238,0.6,   F
59561,Hermine,Markovic,0.48,0.86,0.48,0.86,268,0.67,   D+
66142,Archy,Filchagin,0.86,0.45,0.86,0.45,262,0.66,   D
43501,Gertrudis,Kornyakov,0.75,0.65,0.75,0.65,280,0.7,   C-
26845,Neda,Strowger,0.45,0.49,0.45,0.56,195,0.49,   F
29327,Joice,Glaserman,0.32,0.52,0.32,0.52,168,0.42,   F
46555,Ronny,Jope,0.45,0.63,0.45,0.63,216,0.54,   F
55930,Brandon,Corking,0.98,0.78,0.98,0.78,352,0.88,   B+
33847,Elisabet,Dudney,1,0.85,1,0.85,370,0.93,   A-
36115,Monica,Gowman,0.45,0.54,0.45,0.54,198,0.5,   F
65186,Hyman,Masterson,0.55,0.52,0.55,0.52,214,0.54,   F
40452,Thoma,Seebright,0.61,0.52,0.61,0.52,226,0.57,   F
67260,Tybalt,Liffe,0.78,0.71,0.78,0.71,298,0.75,   C
54124,Shayna,Bugdell,0.68,0.84,0.68,0.84,304,0.76,   C+
58026,Hill,Becken,0.88,0.9,0.88,0.9,356,0.89,   B+
37610,Wittie,Dolling,0.94,0.69,0.94,0.69,326,0.82,   B-
47113,Emogene,Cowmeadow,0.89,0.75,0.89,0.75,328,0.82,   B-
62594,Thorin,Florez,0.55,0.43,0.55,0.43,196,0.49,   F
27150,Skippie,Paskins,0.45,0.65,0.45,0.65,220,0.55,   F
27393,Pace,Ritch,0.33,0.65,0.33,0.65,196,0.49,   F
51463,Mirelle,Hadlington,0.44,0.78,0.44,0.78,244,0.61,   D-
36278,Daryle,Morter,0.89,0.45,0.89,0.45,268,0.67,   D+
44249,Craggy,Midden,0.74,0.79,0.74,0.79,306,0.77,   C+
46617,Pia,Reaper,0.58,0.48,0.45,0.65,216,0.54,   F
32473,Khalil,Botwood,0.45,0.69,0.55,0.72,241,0.6,   D-
47058,Jaye,Margett,0.49,0.66,0.59,0.78,252,0.63,   D
58710,Grady,Cogin,0.75,0.75,0.68,0.66,284,0.71,   C-
56262,Vladamir,Sinkins,0.98,0.44,0.67,0.42,251,0.63,   D-
57692,Ludovico,Clemas,0.65,0.45,0.65,0.55,230,0.58,   F
43987,Bryan,Pinwell,0.65,0.54,0.65,0.54,238,0.6,   F
33658,Dolli,Klementz,0.48,0.86,0.48,0.86,268,0.67,   D+
35932,Tallulah,Lynes,0.86,0.45,0.86,0.45,262,0.66,   D
27217,Burr,Leigh,0.75,0.65,0.75,0.65,280,0.7,   C-
63086,Delilah,Crocetto,0.45,0.49,0.45,0.56,195,0.49,   F
42210,Alphard,Eichmann,0.32,0.52,0.32,0.52,168,0.42,   F
41282,Bud,Crewes,0.45,0.63,0.45,0.63,216,0.54,   F
31410,Myrta,Gillebride,0.98,0.78,0.98,0.78,352,0.88,   B+
51235,Marianna,Ernshaw,1,0.85,1,0.85,370,0.93,   A-
53814,Goddard,Tow,0.45,0.54,0.45,0.54,198,0.5,   F
47473,Meryl,Riddock,0.55,0.52,0.55,0.52,214,0.54,   F
53882,Kinnie,Mold,0.61,0.52,0.61,0.52,226,0.57,   F
39507,Mercie,Ellcome,0.78,0.71,0.78,0.71,298,0.75,   C
60654,Kevin,Bedinham,0.68,0.84,0.68,0.84,304,0.76,   C+
29690,Bary,Barnwille,0.88,0.9,0.88,0.9,356,0.89,   B+
43787,Adelaide,Purdy,0.94,0.69,0.94,0.69,326,0.82,   B-
57342,Lori,MacLachlan,0.89,0.75,0.89,0.75,328,0.82,   B-
61155,Claribel,Madison,0.55,0.43,0.55,0.43,196,0.49,   F
62355,Jory,Jouhning,0.45,0.65,0.45,0.65,220,0.55,   F
27783,Tabby,Peck,0.33,0.65,0.33,0.65,196,0.49,   F
34821,Armand,Greaves,0.44,0.78,0.44,0.78,244,0.61,   D-
38126,Barnett,Wellbank,0.89,0.45,0.89,0.45,268,0.67,   D+
45696,Olly,Fenwick,0.74,0.79,0.74,0.79,306,0.77,   C+
57206,Ann,Worsfield,0.58,0.48,0.45,0.65,216,0.54,   F
48052,Zackariah,Swarbrigg,0.45,0.69,0.55,0.72,241,0.6,   D-
61463,Morley,Abdy,0.49,0.66,0.59,0.78,252,0.63,   D
56472,Jacynth,Raise,0.75,0.75,0.68,0.66,284,0.71,   C-
61767,Brunhilda,Kennifeck,0.98,0.44,0.67,0.42,251,0.63,   D-
27974,Ardis,Sterling,0.65,0.45,0.65,0.55,230,0.58,   F
46758,Chaim,Duchenne,0.65,0.54,0.65,0.54,238,0.6,   F
34977,Devlin,Rush,0.48,0.86,0.48,0.86,268,0.67,   D+
46324,Cecilla,Duckerin,0.86,0.45,0.86,0.45,262,0.66,   D
41560,Dominique,Wastie,0.75,0.65,0.75,0.65,280,0.7,   C-
36344,Xenos,Lenton,0.45,0.49,0.45,0.56,195,0.49,   F
36765,Marisa,Shepperd,0.32,0.52,0.32,0.52,168,0.42,   F
47562,Lily,Payton,0.45,0.63,0.45,0.63,216,0.54,   F
63180,Bord,Bunson,0.98,0.78,0.98,0.78,352,0.88,   B+
38606,Eugenie,Commuzzo,1,0.85,1,0.85,370,0.93,   A-
52401,Sutherland,Standidge,0.45,0.54,0.45,0.54,198,0.5,   F
52021,Myrah,Grishinov,0.55,0.52,0.55,0.52,214,0.54,   F
66237,Cornie,Shew,0.61,0.52,0.61,0.52,226,0.57,   F
38570,Angie,McPhate,0.78,0.71,0.78,0.71,298,0.75,   C
61178,Berky,Delafoy,0.68,0.84,0.68,0.84,304,0.76,   C+
61379,Teodorico,Pughe,0.88,0.9,0.88,0.9,356,0.89,   B+
62187,Keith,Reeder,0.94,0.69,0.94,0.69,326,0.82,   B-
27893,Tyson,Brayshaw,0.89,0.75,0.89,0.75,328,0.82,   B-
46759,Glynis,Caine,0.55,0.43,0.55,0.43,196,0.49,   F
65400,Eden,O'Donovan,0.45,0.65,0.45,0.65,220,0.55,   F
30124,Davie,Ruselin,0.33,0.65,0.33,0.65,196,0.49,   F
39063,Claybourne,Petrenko,0.44,0.78,0.44,0.78,244,0.61,   D-
53970,Barny,Purry,0.89,0.45,0.89,0.45,268,0.67,   D+
38376,Ketti,McGrane,0.74,0.79,0.74,0.79,306,0.77,   C+
36661,Germaine,Mussettini,0.58,0.48,0.45,0.65,216,0.54,   F
32759,Weidar,Fellos,0.45,0.69,0.55,0.72,241,0.6,   D-
36199,Krispin,Clifton,0.49,0.66,0.59,0.78,252,0.63,   D
53521,Derrek,Basset,0.75,0.75,0.68,0.66,284,0.71,   C-
51348,Shelbi,Tesimon,0.98,0.44,0.67,0.42,251,0.63,   D-
27412,Worth,Sushams,0.65,0.45,0.65,0.55,230,0.58,   F
61559,Chris,Dumper,0.65,0.54,0.65,0.54,238,0.6,   F
65135,Caralie,Wasbey,0.48,0.86,0.48,0.86,268,0.67,   D+
32747,Erastus,Gouly,0.86,0.45,0.86,0.45,262,0.66,   D
51815,Kitti,Shawyer,0.75,0.65,0.75,0.65,280,0.7,   C-
61976,Roman,Oxley,0.45,0.49,0.45,0.56,195,0.49,   F
53725,Anabal,Durker,0.32,0.52,0.32,0.52,168,0.42,   F
37577,El,Gurney,0.45,0.63,0.45,0.63,216,0.54,   F
35997,Pavlov,Renoden,0.98,0.78,0.98,0.78,352,0.88,   B+
52533,Glenden,Pallin,1,0.85,1,0.85,370,0.93,   A-
63817,Gregory,Pettyfer,0.45,0.54,0.45,0.54,198,0.5,   F